State,,2010,2011,2012,2013,2014,2015,2016,2017,2018,2019,2020,2021,TotalFatalities
United States,Highway Fatalities,"32,999","32,479","33,782","32,893","32,744","35,484","37,806","37,473","36,835","36,355","39,007","42,939","430,796"
United States,Passenger Car Fatalities,"12,491","12,014","12,361","12,037","11,947","12,763","13,508","13,477","12,888","12,355","12,628","13,529","151,998"
United States,SUV Fatalities,"3,942","3,884","3,885","3,831","3,800","4,213","4,462","4,610","4,554","4,727","6,015","6,961","54,884"
United States,Pickup Truck Fatalities,"4,486","4,270","4,343","4,175","4,249","4,471","4,470","4,335","4,267","4,213","4,333","4,757","52,369"
United States,Van Fatalities,"1,346","1,128","1,167","1,142","1,021","1,128","1,240","1,175","1,081","1,025",938,"1,078","13,469"
United States,Other Light Truck Fatalities,8,20,23,38,33,66,107,66,55,52,0,0,468
United States,Motorcycle Fatalities,"4,518","4,630","4,986","4,692","4,594","5,029","5,337","5,226","5,038","5,044","5,506","5,932","60,532"
United States,Bus Fatalities,44,55,39,54,44,49,64,43,44,35,19,14,504
United States,Large Truck Fatalities,530,640,697,695,656,665,815,878,890,893,822,"1,008","9,189"
United States,Pedalcyclist Fatalities,623,682,734,749,729,829,853,806,871,859,948,966,"9,649"
United States,Pedestrian Fatalities,"4,302","4,457","4,818","4,779","4,910","5,494","6,080","6,075","6,374","6,272","6,565","7,388","67,514"
United States,Other Nonoccupant Fatalities,197,211,242,211,241,249,269,248,205,277,251,269,"2,870"
United States,Other Vehicle Fatalities,524,499,502,511,557,544,610,546,553,591,976,"1,011","7,424"
United States,Unknown Person Type Fatalities,0,0,0,0,0,0,0,0,0,0,0,0,0
Alabama,Highway Fatalities,862,895,865,853,820,850,"1,083",948,953,930,934,983,"10,976"
Alabama,Passenger Car Fatalities,376,389,370,357,337,355,416,395,411,362,371,368,"4,507"
Alabama,SUV Fatalities,125,112,112,137,116,111,166,143,136,126,166,182,"1,632"
Alabama,Pickup Truck Fatalities,153,154,140,151,150,156,165,145,149,160,152,131,"1,806"
Alabama,Van Fatalities,33,27,26,20,15,23,24,27,19,21,16,40,291
Alabama,Other Light Truck Fatalities,2,1,0,1,0,3,9,1,1,4,0,0,22
Alabama,Motorcycle Fatalities,86,98,97,80,65,67,112,79,82,93,78,77,"1,014"
Alabama,Bus Fatalities,0,1,0,3,0,1,0,0,2,1,0,0,8
Alabama,Large Truck Fatalities,9,16,17,25,15,16,39,20,23,20,30,23,253
Alabama,Pedalcyclist Fatalities,6,5,9,6,9,9,3,7,9,6,10,7,86
Alabama,Pedestrian Fatalities,61,79,77,59,96,98,120,119,107,119,101,128,"1,164"
Alabama,Other Nonoccupant Fatalities,0,2,2,0,1,0,3,5,6,0,1,2,22
Alabama,Other Vehicle Fatalities,10,9,17,12,15,10,25,9,11,17,8,25,168
Alabama,Unknown Person Type Fatalities,0,0,0,0,0,0,0,0,0,0,0,0,0
Alaska,Highway Fatalities,56,72,59,51,73,65,84,79,80,67,64,67,817
Alaska,Passenger Car Fatalities,19,14,23,10,19,8,16,22,15,17,14,16,193
Alaska,SUV Fatalities,9,13,6,11,7,9,18,11,13,18,19,11,145
Alaska,Pickup Truck Fatalities,8,18,8,6,14,14,18,12,10,13,6,11,138
Alaska,Van Fatalities,2,2,2,0,2,6,6,2,7,0,0,1,30
Alaska,Other Light Truck Fatalities,0,0,0,0,0,0,0,0,0,0,0,0,0
Alaska,Motorcycle Fatalities,9,10,9,9,8,11,6,6,12,6,4,6,96
Alaska,Bus Fatalities,0,0,0,0,1,0,0,0,0,0,0,0,1
Alaska,Large Truck Fatalities,0,0,0,2,1,0,2,1,2,3,2,1,14
Alaska,Pedalcyclist Fatalities,0,2,1,1,3,0,1,1,0,2,2,2,15
Alaska,Pedestrian Fatalities,6,9,8,6,14,12,12,14,14,6,13,16,130
Alaska,Other Nonoccupant Fatalities,0,0,1,0,0,0,1,2,1,1,0,2,8
Alaska,Other Vehicle Fatalities,3,4,1,6,4,5,5,8,6,2,4,2,50
Alaska,Unknown Person Type Fatalities,0,0,0,0,0,0,0,0,0,0,0,0,0
Arizona,Highway Fatalities,759,826,821,849,773,897,952,998,"1,011",979,"1,053","1,180","11,098"
Arizona,Passenger Car Fatalities,195,200,222,209,216,254,265,252,284,239,280,307,"2,923"
Arizona,SUV Fatalities,101,121,124,100,81,105,113,106,107,124,127,173,"1,382"
Arizona,Pickup Truck Fatalities,113,97,100,116,74,103,101,111,101,85,75,102,"1,178"
Arizona,Van Fatalities,23,20,24,24,20,33,30,21,17,26,34,20,292
Arizona,Other Light Truck Fatalities,0,0,0,2,1,0,2,1,3,2,0,0,11
Arizona,Motorcycle Fatalities,91,136,141,151,130,137,146,162,156,175,161,150,"1,736"
Arizona,Bus Fatalities,6,1,0,0,1,0,0,2,0,1,0,0,11
Arizona,Large Truck Fatalities,5,16,11,11,9,17,16,19,17,12,18,27,178
Arizona,Pedalcyclist Fatalities,19,23,18,31,29,28,31,32,24,30,33,45,343
Arizona,Pedestrian Fatalities,145,147,122,151,142,155,186,213,236,210,222,248,"2,177"
Arizona,Other Nonoccupant Fatalities,25,27,26,19,32,26,19,37,23,10,14,9,267
Arizona,Other Vehicle Fatalities,52,58,49,46,56,56,55,65,57,67,91,99,751
Arizona,Unknown Person Type Fatalities,0,0,0,0,0,0,0,0,0,0,0,0,0
Arkansas,Highway Fatalities,571,551,560,498,470,550,561,525,520,511,651,693,"6,661"
Arkansas,Passenger Car Fatalities,209,180,212,166,156,181,184,174,166,168,182,206,"2,184"
Arkansas,SUV Fatalities,71,88,75,82,74,91,82,75,75,73,130,123,"1,039"
Arkansas,Pickup Truck Fatalities,113,115,105,86,101,90,107,106,102,103,109,97,"1,234"
Arkansas,Van Fatalities,19,19,9,18,17,27,22,15,5,9,14,22,196
Arkansas,Other Light Truck Fatalities,0,1,1,0,0,0,3,4,4,0,0,0,13
Arkansas,Motorcycle Fatalities,84,64,72,63,61,80,82,69,66,66,81,96,884
Arkansas,Bus Fatalities,2,0,0,0,0,6,0,0,1,0,0,0,9
Arkansas,Large Truck Fatalities,21,23,16,16,9,18,13,26,26,15,24,30,237
Arkansas,Pedalcyclist Fatalities,2,6,6,4,7,3,3,4,4,3,6,10,58
Arkansas,Pedestrian Fatalities,38,42,47,46,37,44,49,47,62,62,82,79,635
Arkansas,Other Nonoccupant Fatalities,1,5,4,6,2,0,4,0,1,2,1,1,27
Arkansas,Other Vehicle Fatalities,11,12,16,13,8,10,14,4,8,9,22,29,156
Arkansas,Unknown Person Type Fatalities,0,0,0,0,0,0,0,0,0,0,0,0,0
California,Highway Fatalities,"2,720","2,816","2,966","3,107","3,102","3,387","3,837","3,884","3,798","3,719","3,980","4,285","41,601"
California,Passenger Car Fatalities,932,957,"1,048","1,098","1,066","1,170","1,357","1,363","1,291","1,227","1,351","1,413","14,273"
California,SUV Fatalities,301,274,265,241,271,288,307,346,387,358,420,506,"3,964"
California,Pickup Truck Fatalities,256,252,239,239,209,294,272,287,253,290,294,358,"3,243"
California,Van Fatalities,101,73,71,67,79,88,88,91,82,59,70,67,936
California,Other Light Truck Fatalities,0,2,0,12,6,9,6,6,10,10,0,0,61
California,Motorcycle Fatalities,352,415,447,463,522,494,576,578,523,491,549,565,"5,975"
California,Bus Fatalities,4,1,4,11,17,1,20,3,0,1,3,1,66
California,Large Truck Fatalities,23,42,40,38,33,32,54,53,46,58,40,48,507
California,Pedalcyclist Fatalities,100,116,129,147,129,136,155,145,165,143,136,125,"1,626"
California,Pedestrian Fatalities,601,633,653,734,709,819,933,940,978,"1,011","1,013","1,108","10,132"
California,Other Nonoccupant Fatalities,31,36,49,39,36,45,41,40,30,57,49,31,484
California,Other Vehicle Fatalities,16,17,16,20,26,14,18,24,25,19,50,56,301
California,Unknown Person Type Fatalities,0,0,0,0,0,0,0,0,0,0,0,0,0
Colorado,Highway Fatalities,450,447,474,482,488,547,608,648,632,597,622,691,"6,686"
Colorado,Passenger Car Fatalities,154,149,150,141,176,163,187,199,177,169,142,170,"1,977"
Colorado,SUV Fatalities,79,66,71,85,70,85,85,104,125,97,119,155,"1,141"
Colorado,Pickup Truck Fatalities,62,67,58,77,56,77,64,78,82,92,73,88,874
Colorado,Van Fatalities,13,18,10,14,6,21,24,27,17,12,17,16,195
Colorado,Other Light Truck Fatalities,0,0,0,0,0,1,0,2,1,1,0,0,5
Colorado,Motorcycle Fatalities,82,78,79,87,94,106,125,103,103,103,138,135,"1,233"
Colorado,Bus Fatalities,0,0,1,0,0,0,1,1,1,2,0,0,6
Colorado,Large Truck Fatalities,10,12,14,11,10,13,20,26,13,20,22,15,186
Colorado,Pedalcyclist Fatalities,8,8,13,12,10,13,16,16,22,20,15,15,168
Colorado,Pedestrian Fatalities,36,45,76,50,63,59,79,92,89,73,87,92,841
Colorado,Other Nonoccupant Fatalities,4,2,2,3,2,5,7,0,1,3,6,2,37
Colorado,Other Vehicle Fatalities,2,2,0,3,1,4,2,0,1,5,3,3,26
Colorado,Unknown Person Type Fatalities,0,0,0,0,0,0,0,0,0,0,0,0,0
Connecticut,Highway Fatalities,320,221,264,286,248,270,304,281,293,249,299,298,"3,333"
Connecticut,Passenger Car Fatalities,151,103,121,131,109,108,118,118,123,83,108,119,"1,392"
Connecticut,SUV Fatalities,33,21,24,37,18,27,36,25,30,32,42,38,363
Connecticut,Pickup Truck Fatalities,13,12,15,13,7,16,11,17,12,15,13,8,152
Connecticut,Van Fatalities,6,8,5,4,2,4,9,2,7,7,5,4,63
Connecticut,Other Light Truck Fatalities,0,0,0,2,0,0,0,1,0,0,0,0,3
Connecticut,Motorcycle Fatalities,52,37,48,57,55,55,52,57,49,46,57,65,630
Connecticut,Bus Fatalities,2,0,0,0,0,1,1,2,0,1,0,0,7
Connecticut,Large Truck Fatalities,3,4,2,2,4,8,7,4,9,5,3,2,53
Connecticut,Pedalcyclist Fatalities,7,8,4,3,4,3,6,3,1,3,6,3,51
Connecticut,Pedestrian Fatalities,46,26,43,37,47,46,59,49,59,54,59,53,578
Connecticut,Other Nonoccupant Fatalities,2,0,2,1,0,0,5,0,1,1,2,1,15
Connecticut,Other Vehicle Fatalities,4,2,0,0,2,2,1,3,2,2,4,4,26
Connecticut,Unknown Person Type Fatalities,0,0,0,0,0,0,0,0,0,0,0,0,0
Delaware,Highway Fatalities,101,99,114,99,124,131,119,119,111,132,116,136,"1,401"
Delaware,Passenger Car Fatalities,41,44,43,30,45,50,42,44,35,45,37,53,509
Delaware,SUV Fatalities,11,6,8,10,13,11,14,14,13,13,26,17,156
Delaware,Pickup Truck Fatalities,12,7,9,6,9,5,8,8,8,8,8,6,94
Delaware,Van Fatalities,3,3,1,4,6,3,8,3,6,6,2,3,48
Delaware,Other Light Truck Fatalities,0,1,0,0,0,0,1,0,0,0,0,0,2
Delaware,Motorcycle Fatalities,8,19,17,20,15,19,14,10,17,18,14,23,194
Delaware,Bus Fatalities,0,0,0,1,3,0,0,0,1,0,0,0,5
Delaware,Large Truck Fatalities,0,0,3,2,4,2,1,0,1,1,0,1,15
Delaware,Pedalcyclist Fatalities,3,0,4,1,3,3,2,5,6,7,3,2,39
Delaware,Pedestrian Fatalities,22,18,27,25,26,36,27,33,23,32,25,29,323
Delaware,Other Nonoccupant Fatalities,1,1,2,0,0,1,1,0,1,1,0,0,8
Delaware,Other Vehicle Fatalities,1,0,0,0,0,1,0,1,0,1,1,2,7
Delaware,Unknown Person Type Fatalities,0,0,0,0,0,0,0,0,0,0,0,0,0
District of Columbia,Highway Fatalities,24,27,15,20,23,23,27,31,31,23,36,41,321
District of Columbia,Passenger Car Fatalities,8,11,1,4,7,6,8,12,7,7,12,8,91
District of Columbia,SUV Fatalities,0,2,0,1,3,0,4,1,1,3,4,2,21
District of Columbia,Pickup Truck Fatalities,0,0,1,0,0,0,0,1,0,0,0,0,2
District of Columbia,Van Fatalities,0,0,2,1,0,0,0,0,0,0,1,0,4
District of Columbia,Other Light Truck Fatalities,0,0,0,0,0,0,0,0,0,0,0,0,0
District of Columbia,Motorcycle Fatalities,1,4,4,3,3,3,6,4,8,3,7,7,53
District of Columbia,Bus Fatalities,0,0,0,0,0,0,0,0,0,0,0,0,0
District of Columbia,Large Truck Fatalities,0,0,0,1,0,0,0,0,0,0,1,1,3
District of Columbia,Pedalcyclist Fatalities,2,1,0,1,1,1,1,2,3,1,1,3,17
District of Columbia,Pedestrian Fatalities,13,8,7,9,9,13,8,11,11,9,10,18,126
District of Columbia,Other Nonoccupant Fatalities,0,1,2,0,0,0,0,0,1,0,0,0,4
District of Columbia,Other Vehicle Fatalities,0,0,0,0,0,0,0,0,0,0,0,2,2
District of Columbia,Unknown Person Type Fatalities,0,0,0,0,0,0,0,0,0,0,0,0,0
Florida,Highway Fatalities,"2,444","2,400","2,431","2,403","2,494","2,938","3,176","3,116","3,135","3,185","3,329","3,738","34,789"
Florida,Passenger Car Fatalities,838,715,759,726,768,903,"1,048","1,004",995,974,972,"1,089","10,791"
Florida,SUV Fatalities,260,235,232,219,186,271,262,306,261,307,456,481,"3,476"
Florida,Pickup Truck Fatalities,222,223,193,189,199,213,282,255,252,218,256,292,"2,794"
Florida,Van Fatalities,83,68,74,81,54,73,94,78,73,80,62,68,888
Florida,Other Light Truck Fatalities,0,1,1,2,0,2,8,2,0,6,0,0,22
Florida,Motorcycle Fatalities,396,464,492,485,478,615,586,590,575,592,589,651,"6,513"
Florida,Bus Fatalities,8,2,2,0,2,0,6,0,0,1,0,1,22
Florida,Large Truck Fatalities,27,29,28,25,22,31,37,46,53,52,45,46,441
Florida,Pedalcyclist Fatalities,83,126,124,133,139,150,139,125,161,161,170,197,"1,708"
Florida,Pedestrian Fatalities,486,490,477,499,588,629,653,654,706,714,695,817,"7,408"
Florida,Other Nonoccupant Fatalities,26,31,22,25,31,39,35,34,29,41,22,34,369
Florida,Other Vehicle Fatalities,20,29,31,26,29,25,34,30,30,42,60,61,417
Florida,Unknown Person Type Fatalities,0,0,0,0,0,0,0,0,0,0,0,0,0
Georgia,Highway Fatalities,"1,247","1,226","1,192","1,180","1,164","1,432","1,556","1,540","1,505","1,492","1,658","1,797","16,989"
Georgia,Passenger Car Fatalities,468,458,453,447,445,561,584,557,541,550,558,613,"6,235"
Georgia,SUV Fatalities,165,171,158,138,144,184,210,217,193,194,252,285,"2,311"
Georgia,Pickup Truck Fatalities,205,206,179,178,174,213,212,234,215,190,227,238,"2,471"
Georgia,Van Fatalities,49,41,38,47,31,50,39,46,44,54,28,46,513
Georgia,Other Light Truck Fatalities,0,2,1,2,1,0,2,2,1,2,0,0,13
Georgia,Motorcycle Fatalities,128,150,134,116,137,152,172,139,154,170,186,185,"1,823"
Georgia,Bus Fatalities,2,1,0,1,0,0,4,3,1,1,0,0,13
Georgia,Large Truck Fatalities,18,27,24,26,28,26,37,46,34,31,38,42,377
Georgia,Pedalcyclist Fatalities,18,14,17,28,19,23,29,15,30,21,32,15,261
Georgia,Pedestrian Fatalities,168,130,167,176,163,194,232,253,262,236,279,306,"2,566"
Georgia,Other Nonoccupant Fatalities,9,3,4,9,4,9,4,7,5,12,0,16,82
Georgia,Other Vehicle Fatalities,20,18,17,16,21,20,31,22,25,28,57,53,328
Georgia,Unknown Person Type Fatalities,0,0,0,0,0,0,0,0,0,0,0,0,0
Hawaii,Highway Fatalities,113,100,125,102,95,93,120,107,117,108,85,94,"1,259"
Hawaii,Passenger Car Fatalities,32,17,24,21,16,20,40,34,16,21,23,12,276
Hawaii,SUV Fatalities,6,10,11,9,7,7,7,12,3,8,10,8,98
Hawaii,Pickup Truck Fatalities,16,11,16,12,15,9,8,10,15,15,7,10,144
Hawaii,Van Fatalities,1,2,5,0,0,1,3,3,3,1,0,0,19
Hawaii,Other Light Truck Fatalities,0,0,0,0,0,0,5,0,0,1,0,0,6
Hawaii,Motorcycle Fatalities,26,32,40,29,25,26,24,25,34,20,18,33,332
Hawaii,Bus Fatalities,0,1,0,0,0,0,0,0,0,0,0,0,1
Hawaii,Large Truck Fatalities,0,1,0,3,0,0,1,0,0,0,2,1,8
Hawaii,Pedalcyclist Fatalities,3,2,2,2,4,2,0,6,2,4,4,4,35
Hawaii,Pedestrian Fatalities,26,23,26,23,24,25,29,14,42,36,21,25,314
Hawaii,Other Nonoccupant Fatalities,0,0,0,2,4,3,3,1,2,1,0,0,16
Hawaii,Other Vehicle Fatalities,3,1,1,1,0,1,0,2,0,1,0,1,11
Hawaii,Unknown Person Type Fatalities,0,0,0,0,0,0,0,0,0,0,0,0,0
Idaho,Highway Fatalities,209,167,184,214,186,216,253,245,234,224,214,271,"2,617"
Idaho,Passenger Car Fatalities,81,70,58,77,59,69,74,67,73,66,73,83,850
Idaho,SUV Fatalities,27,20,33,35,29,42,48,52,34,45,36,47,448
Idaho,Pickup Truck Fatalities,42,28,39,45,39,38,59,48,35,44,37,48,502
Idaho,Van Fatalities,6,8,5,3,3,8,8,7,10,10,10,9,87
Idaho,Other Light Truck Fatalities,0,0,0,0,0,6,2,3,0,1,0,0,12
Idaho,Motorcycle Fatalities,28,17,22,25,25,28,22,27,38,25,26,31,314
Idaho,Bus Fatalities,0,0,0,1,0,0,0,0,0,0,0,0,1
Idaho,Large Truck Fatalities,4,5,2,5,7,5,5,14,12,5,10,9,83
Idaho,Pedalcyclist Fatalities,4,0,2,3,2,0,6,2,2,4,3,3,31
Idaho,Pedestrian Fatalities,10,9,13,14,13,8,17,15,17,12,14,21,163
Idaho,Other Nonoccupant Fatalities,0,1,0,2,2,0,2,1,2,2,0,2,14
Idaho,Other Vehicle Fatalities,7,8,8,6,8,12,10,9,11,10,4,19,112
Idaho,Unknown Person Type Fatalities,0,0,0,0,0,0,0,0,0,0,0,0,0
Illinois,Highway Fatalities,927,918,956,991,924,998,"1,078","1,090","1,035","1,009","1,193","1,334","12,453"
Illinois,Passenger Car Fatalities,397,369,368,404,367,382,406,430,405,380,445,471,"4,824"
Illinois,SUV Fatalities,91,102,102,113,122,127,150,144,127,145,221,240,"1,684"
Illinois,Pickup Truck Fatalities,103,67,87,87,86,92,95,82,89,78,77,91,"1,034"
Illinois,Van Fatalities,34,38,50,46,43,38,45,56,43,40,34,42,509
Illinois,Other Light Truck Fatalities,0,1,1,1,3,4,6,1,4,0,0,0,21
Illinois,Motorcycle Fatalities,131,145,148,152,118,147,154,160,119,138,151,174,"1,737"
Illinois,Bus Fatalities,0,0,1,0,0,2,0,1,5,1,0,0,10
Illinois,Large Truck Fatalities,17,16,10,17,18,12,23,17,31,23,27,26,237
Illinois,Pedalcyclist Fatalities,24,27,29,30,27,26,20,26,24,12,30,34,309
Illinois,Pedestrian Fatalities,115,134,138,124,123,150,147,147,166,173,175,209,"1,801"
Illinois,Other Nonoccupant Fatalities,2,6,3,3,9,2,7,4,1,5,3,11,56
Illinois,Other Vehicle Fatalities,13,12,19,14,11,16,25,18,18,14,29,32,221
Illinois,Unknown Person Type Fatalities,0,0,0,0,0,0,0,0,0,0,0,0,0
Indiana,Highway Fatalities,754,751,781,784,745,817,829,916,860,810,897,932,"9,876"
Indiana,Passenger Car Fatalities,327,308,309,321,258,326,331,356,331,303,305,332,"3,807"
Indiana,SUV Fatalities,67,74,79,84,92,115,98,124,101,102,143,165,"1,244"
Indiana,Pickup Truck Fatalities,100,77,83,95,101,88,115,86,87,112,101,81,"1,126"
Indiana,Van Fatalities,53,57,47,45,42,41,34,44,42,38,39,36,518
Indiana,Other Light Truck Fatalities,0,0,0,0,3,1,2,0,0,0,0,0,6
Indiana,Motorcycle Fatalities,111,118,152,115,124,108,101,149,117,127,150,134,"1,506"
Indiana,Bus Fatalities,0,0,2,4,1,0,0,1,1,1,2,0,12
Indiana,Large Truck Fatalities,11,25,19,16,15,16,17,22,26,19,21,34,241
Indiana,Pedalcyclist Fatalities,13,11,15,14,12,12,19,13,22,16,20,21,188
Indiana,Pedestrian Fatalities,62,62,59,76,78,96,87,101,114,73,93,111,"1,012"
Indiana,Other Nonoccupant Fatalities,0,5,9,3,4,2,0,4,5,6,4,5,47
Indiana,Other Vehicle Fatalities,7,6,6,9,11,9,18,14,11,9,16,12,128
Indiana,Unknown Person Type Fatalities,0,0,0,0,0,0,0,0,0,0,0,0,0
Iowa,Highway Fatalities,390,360,365,317,322,320,402,330,319,336,343,356,"4,160"
Iowa,Passenger Car Fatalities,160,147,131,130,117,111,152,108,117,102,103,102,"1,480"
Iowa,SUV Fatalities,34,41,52,43,32,42,54,42,38,58,44,55,535
Iowa,Pickup Truck Fatalities,54,63,51,38,53,71,52,53,48,51,42,50,626
Iowa,Van Fatalities,32,13,22,26,17,12,32,17,19,26,18,12,246
Iowa,Other Light Truck Fatalities,0,1,0,0,1,0,0,0,2,0,0,0,4
Iowa,Motorcycle Fatalities,60,36,59,41,52,41,60,49,43,44,65,68,618
Iowa,Bus Fatalities,0,0,0,0,0,0,0,2,1,0,1,0,4
Iowa,Large Truck Fatalities,14,12,12,10,11,6,12,19,8,11,15,18,148
Iowa,Pedalcyclist Fatalities,8,5,3,3,4,5,8,5,7,9,10,11,78
Iowa,Pedestrian Fatalities,18,25,20,20,19,25,22,23,22,21,29,30,274
Iowa,Other Nonoccupant Fatalities,2,1,0,0,6,2,4,2,0,1,1,5,24
Iowa,Other Vehicle Fatalities,8,16,14,6,15,4,8,10,14,13,15,8,131
Iowa,Unknown Person Type Fatalities,0,0,0,0,0,0,0,0,0,0,0,0,0
Kansas,Highway Fatalities,431,386,405,350,385,355,429,461,405,410,426,424,"4,867"
Kansas,Passenger Car Fatalities,171,164,141,111,136,136,151,157,136,148,127,121,"1,699"
Kansas,SUV Fatalities,55,54,60,63,58,48,64,72,64,69,75,86,768
Kansas,Pickup Truck Fatalities,101,69,75,75,86,58,72,84,67,80,68,80,915
Kansas,Van Fatalities,24,16,19,14,16,14,21,28,10,18,18,13,211
Kansas,Other Light Truck Fatalities,0,2,0,2,0,0,2,1,0,0,0,0,7
Kansas,Motorcycle Fatalities,40,45,48,35,48,44,52,56,65,41,65,47,586
Kansas,Bus Fatalities,1,2,0,1,0,0,0,0,0,0,0,0,4
Kansas,Large Truck Fatalities,12,7,22,12,4,16,16,15,22,19,12,18,175
Kansas,Pedalcyclist Fatalities,1,2,7,6,7,3,5,5,5,8,4,4,57
Kansas,Pedestrian Fatalities,15,14,26,25,23,24,41,33,28,16,46,43,334
Kansas,Other Nonoccupant Fatalities,5,1,3,1,2,2,3,1,3,4,6,2,33
Kansas,Other Vehicle Fatalities,8,10,4,5,7,11,5,9,7,9,11,10,96
Kansas,Unknown Person Type Fatalities,0,0,0,0,0,0,0,0,0,0,0,0,0
Kentucky,Highway Fatalities,760,720,746,638,672,761,834,782,724,732,780,806,"8,955"
Kentucky,Passenger Car Fatalities,297,307,281,269,278,314,353,326,288,306,285,281,"3,585"
Kentucky,SUV Fatalities,83,79,79,84,84,99,88,90,89,94,140,138,"1,147"
Kentucky,Pickup Truck Fatalities,132,136,147,92,115,120,115,126,116,103,90,117,"1,409"
Kentucky,Van Fatalities,45,22,33,20,21,25,32,32,21,23,26,17,317
Kentucky,Other Light Truck Fatalities,0,0,1,0,0,0,0,1,0,0,0,0,2
Kentucky,Motorcycle Fatalities,96,71,106,87,86,91,111,90,95,92,89,105,"1,119"
Kentucky,Bus Fatalities,0,1,3,0,0,0,0,0,0,0,0,0,4
Kentucky,Large Truck Fatalities,9,18,17,10,9,9,17,10,17,14,21,32,183
Kentucky,Pedalcyclist Fatalities,7,2,6,3,4,7,9,7,10,5,5,10,75
Kentucky,Pedestrian Fatalities,61,50,49,55,57,67,81,83,73,73,91,75,815
Kentucky,Other Nonoccupant Fatalities,0,5,6,1,1,4,4,5,4,3,4,1,38
Kentucky,Other Vehicle Fatalities,30,29,19,15,17,24,23,15,12,19,28,30,261
Kentucky,Unknown Person Type Fatalities,0,0,0,0,0,0,0,0,0,0,0,0,0
Louisiana,Highway Fatalities,721,680,723,703,740,752,757,770,771,727,828,972,"9,144"
Louisiana,Passenger Car Fatalities,233,226,235,243,258,259,254,258,242,238,252,293,"2,991"
Louisiana,SUV Fatalities,109,73,78,86,87,72,74,75,80,84,108,139,"1,065"
Louisiana,Pickup Truck Fatalities,160,156,135,137,150,145,137,145,128,121,160,185,"1,759"
Louisiana,Van Fatalities,20,17,12,10,8,16,17,14,16,13,13,11,167
Louisiana,Other Light Truck Fatalities,0,1,1,0,0,4,4,0,2,2,0,0,14
Louisiana,Motorcycle Fatalities,74,80,78,86,83,91,94,97,79,87,75,83,"1,007"
Louisiana,Bus Fatalities,1,0,0,0,0,0,0,0,1,1,1,0,4
Louisiana,Large Truck Fatalities,22,11,22,13,20,7,12,30,17,20,12,23,209
Louisiana,Pedalcyclist Fatalities,11,18,24,14,13,34,22,23,29,22,34,34,278
Louisiana,Pedestrian Fatalities,77,90,119,97,105,106,127,115,164,118,144,184,"1,446"
Louisiana,Other Nonoccupant Fatalities,3,3,4,1,7,2,1,7,3,3,8,5,47
Louisiana,Other Vehicle Fatalities,12,5,13,15,10,16,14,11,11,15,25,18,165
Louisiana,Unknown Person Type Fatalities,0,0,0,0,0,0,0,0,0,0,0,0,0
Maine,Highway Fatalities,161,136,164,144,131,156,160,173,136,157,164,153,"1,835"
Maine,Passenger Car Fatalities,76,72,82,55,50,62,59,63,53,53,52,39,716
Maine,SUV Fatalities,16,14,11,23,29,18,21,24,24,28,32,36,276
Maine,Pickup Truck Fatalities,23,11,25,21,16,13,31,23,17,19,27,25,251
Maine,Van Fatalities,7,5,6,12,9,7,8,4,7,3,3,7,78
Maine,Other Light Truck Fatalities,0,0,0,0,0,1,1,1,0,0,0,0,3
Maine,Motorcycle Fatalities,19,15,24,14,11,32,18,26,23,27,29,21,259
Maine,Bus Fatalities,0,0,0,0,0,0,0,0,0,0,0,0,0
Maine,Large Truck Fatalities,3,3,1,0,0,0,0,5,0,4,7,2,25
Maine,Pedalcyclist Fatalities,1,0,1,4,2,0,4,2,2,2,2,2,22
Maine,Pedestrian Fatalities,12,10,9,11,9,19,17,20,6,16,9,19,157
Maine,Other Nonoccupant Fatalities,0,1,0,0,0,0,0,0,0,1,0,0,2
Maine,Other Vehicle Fatalities,4,5,5,4,5,3,1,5,4,4,2,2,44
Maine,Unknown Person Type Fatalities,0,0,0,0,0,0,0,0,0,0,0,0,0
Maryland,Highway Fatalities,496,485,511,465,442,520,522,558,512,535,573,561,"6,180"
Maryland,Passenger Car Fatalities,206,206,225,181,174,214,192,215,197,208,208,209,"2,435"
Maryland,SUV Fatalities,39,36,47,40,48,50,47,51,57,60,69,78,622
Maryland,Pickup Truck Fatalities,36,31,39,39,24,42,32,39,36,32,38,30,418
Maryland,Van Fatalities,17,14,8,19,8,11,19,12,8,9,8,17,150
Maryland,Other Light Truck Fatalities,0,0,0,0,1,0,0,3,0,0,0,0,4
Maryland,Motorcycle Fatalities,82,76,78,62,69,75,76,87,62,77,83,77,904
Maryland,Bus Fatalities,1,0,0,0,0,0,6,0,0,0,0,0,7
Maryland,Large Truck Fatalities,3,8,7,5,7,10,13,14,9,10,5,5,96
Maryland,Pedalcyclist Fatalities,8,5,5,6,5,11,16,11,6,10,15,6,104
Maryland,Pedestrian Fatalities,102,102,97,108,101,97,108,117,131,124,134,129,"1,350"
Maryland,Other Nonoccupant Fatalities,1,3,1,3,2,2,3,4,2,2,4,1,28
Maryland,Other Vehicle Fatalities,1,3,4,2,2,8,9,6,3,3,9,7,57
Maryland,Unknown Person Type Fatalities,0,0,0,0,0,0,0,0,0,0,0,0,0
Massachusetts,Highway Fatalities,347,374,383,351,354,344,387,347,355,336,343,417,"4,338"
Massachusetts,Passenger Car Fatalities,135,178,161,152,161,131,166,119,135,118,128,141,"1,725"
Massachusetts,SUV Fatalities,34,36,29,37,27,28,41,50,40,51,68,79,520
Massachusetts,Pickup Truck Fatalities,23,25,27,15,15,14,21,27,22,20,9,20,238
Massachusetts,Van Fatalities,11,11,5,13,13,12,12,6,5,10,6,6,110
Massachusetts,Other Light Truck Fatalities,2,1,2,1,2,2,4,3,1,1,0,0,19
Massachusetts,Motorcycle Fatalities,61,40,56,42,47,56,44,51,58,46,54,72,627
Massachusetts,Bus Fatalities,0,1,0,0,0,0,1,0,0,0,0,0,2
Massachusetts,Large Truck Fatalities,1,3,0,4,3,3,3,5,8,5,3,4,42
Massachusetts,Pedalcyclist Fatalities,7,5,16,6,8,12,10,12,4,5,10,5,100
Massachusetts,Pedestrian Fatalities,68,69,82,79,74,79,78,72,77,77,52,74,881
Massachusetts,Other Nonoccupant Fatalities,4,4,1,4,5,4,3,0,2,0,3,0,30
Massachusetts,Other Vehicle Fatalities,1,2,3,0,2,5,2,2,4,3,9,16,49
Massachusetts,Unknown Person Type Fatalities,0,0,0,0,0,0,0,0,0,0,0,0,0
Michigan,Highway Fatalities,942,889,940,947,901,967,"1,065","1,031",977,986,"1,086","1,136","11,867"
Michigan,Passenger Car Fatalities,374,354,389,353,335,342,377,388,369,370,299,316,"4,266"
Michigan,SUV Fatalities,105,89,94,107,119,121,140,141,140,149,229,228,"1,662"
Michigan,Pickup Truck Fatalities,76,91,93,91,88,95,97,80,91,95,96,116,"1,109"
Michigan,Van Fatalities,44,42,46,50,42,30,49,49,43,31,46,31,503
Michigan,Other Light Truck Fatalities,0,0,1,0,1,0,1,1,0,0,0,0,4
Michigan,Motorcycle Fatalities,137,118,138,138,112,141,152,150,143,134,167,174,"1,704"
Michigan,Bus Fatalities,2,4,0,1,3,0,0,0,0,0,0,0,10
Michigan,Large Truck Fatalities,8,7,10,7,9,11,12,15,10,16,7,20,132
Michigan,Pedalcyclist Fatalities,29,24,19,27,22,33,38,21,21,21,39,29,323
Michigan,Pedestrian Fatalities,128,138,130,148,148,166,163,156,142,141,172,174,"1,806"
Michigan,Other Nonoccupant Fatalities,10,5,7,3,5,6,5,7,5,4,7,15,79
Michigan,Other Vehicle Fatalities,32,16,14,22,16,19,27,23,13,17,21,31,251
Michigan,Unknown Person Type Fatalities,0,0,0,0,0,0,0,0,0,0,0,0,0
Minnesota,Highway Fatalities,411,368,395,387,361,411,392,358,381,364,394,488,"4,710"
Minnesota,Passenger Car Fatalities,187,164,158,156,154,159,144,124,135,134,115,152,"1,782"
Minnesota,SUV Fatalities,49,37,35,40,45,40,52,51,55,47,68,96,615
Minnesota,Pickup Truck Fatalities,25,40,48,40,45,66,41,40,43,43,46,56,533
Minnesota,Van Fatalities,37,23,29,23,26,14,13,21,17,14,16,18,251
Minnesota,Other Light Truck Fatalities,0,1,0,0,0,1,1,0,2,0,0,0,5
Minnesota,Motorcycle Fatalities,48,42,55,61,46,61,56,55,59,46,64,69,662
Minnesota,Bus Fatalities,0,1,0,0,1,1,0,1,1,0,0,0,5
Minnesota,Large Truck Fatalities,7,4,8,10,8,5,9,6,4,10,11,18,100
Minnesota,Pedalcyclist Fatalities,9,5,7,6,5,10,7,6,7,11,10,9,92
Minnesota,Pedestrian Fatalities,35,39,38,32,15,39,58,38,42,47,45,50,478
Minnesota,Other Nonoccupant Fatalities,1,3,5,3,4,7,2,2,2,2,2,5,38
Minnesota,Other Vehicle Fatalities,13,11,15,16,14,13,8,12,11,9,19,14,155
Minnesota,Unknown Person Type Fatalities,0,0,0,0,0,0,0,0,0,0,0,0,0
Mississippi,Highway Fatalities,641,630,582,613,607,677,687,685,663,642,748,772,"7,947"
Mississippi,Passenger Car Fatalities,266,221,225,232,262,257,272,307,261,288,289,289,"3,169"
Mississippi,SUV Fatalities,107,113,87,94,82,112,110,109,105,83,110,148,"1,260"
Mississippi,Pickup Truck Fatalities,144,147,132,140,113,161,130,104,114,113,124,130,"1,552"
Mississippi,Van Fatalities,12,20,19,20,13,14,24,16,11,18,12,16,195
Mississippi,Other Light Truck Fatalities,0,0,0,3,5,2,5,2,0,1,0,0,18
Mississippi,Motorcycle Fatalities,42,58,39,39,41,37,50,39,41,40,61,38,525
Mississippi,Bus Fatalities,0,3,2,0,0,0,0,5,2,0,1,0,13
Mississippi,Large Truck Fatalities,5,9,12,17,13,18,17,19,17,11,11,12,161
Mississippi,Pedalcyclist Fatalities,4,7,4,6,6,5,5,6,6,8,9,16,82
Mississippi,Pedestrian Fatalities,50,47,48,53,53,63,58,71,89,65,105,94,796
Mississippi,Other Nonoccupant Fatalities,0,0,3,0,1,0,3,0,1,2,0,1,11
Mississippi,Other Vehicle Fatalities,11,5,11,9,18,7,16,6,16,13,26,28,166
Mississippi,Unknown Person Type Fatalities,0,0,0,0,0,0,0,0,0,0,0,0,0
Missouri,Highway Fatalities,821,786,826,757,766,870,947,932,921,881,987,"1,016","10,510"
Missouri,Passenger Car Fatalities,320,320,344,323,298,332,366,355,350,305,364,313,"3,990"
Missouri,SUV Fatalities,96,108,85,91,102,112,118,143,134,124,170,188,"1,471"
Missouri,Pickup Truck Fatalities,155,129,134,108,124,144,143,132,133,115,121,132,"1,570"
Missouri,Van Fatalities,49,40,37,37,32,33,39,36,38,29,22,24,416
Missouri,Other Light Truck Fatalities,0,0,0,0,0,0,0,2,0,2,0,0,4
Missouri,Motorcycle Fatalities,95,82,104,74,91,97,128,121,113,123,122,158,"1,308"
Missouri,Bus Fatalities,1,0,0,0,0,0,0,1,0,1,0,0,3
Missouri,Large Truck Fatalities,13,18,18,19,19,20,21,17,31,26,21,30,253
Missouri,Pedalcyclist Fatalities,7,1,6,4,5,9,9,9,2,14,8,7,81
Missouri,Pedestrian Fatalities,55,75,84,73,65,104,96,96,95,109,128,117,"1,097"
Missouri,Other Nonoccupant Fatalities,2,5,6,1,3,0,6,5,9,8,4,5,54
Missouri,Other Vehicle Fatalities,26,12,11,25,26,16,24,16,22,27,30,43,278
Missouri,Unknown Person Type Fatalities,0,0,0,0,0,0,0,0,0,0,0,0,0
Montana,Highway Fatalities,189,209,205,229,192,224,190,186,181,184,213,239,"2,441"
Montana,Passenger Car Fatalities,57,72,63,69,54,69,53,52,43,51,64,54,701
Montana,SUV Fatalities,33,37,35,35,35,39,41,43,37,27,29,64,455
Montana,Pickup Truck Fatalities,45,51,54,53,47,53,43,40,44,36,48,46,560
Montana,Van Fatalities,12,4,4,4,9,4,7,6,8,3,9,9,79
Montana,Other Light Truck Fatalities,0,0,1,0,0,5,1,1,0,0,0,0,8
Montana,Motorcycle Fatalities,25,20,30,35,23,24,17,22,21,23,25,26,291
Montana,Bus Fatalities,1,0,2,0,0,1,0,1,0,0,0,0,5
Montana,Large Truck Fatalities,2,3,4,2,1,2,6,3,5,10,9,10,57
Montana,Pedalcyclist Fatalities,0,1,1,1,2,1,3,1,2,3,0,3,18
Montana,Pedestrian Fatalities,8,15,8,24,10,14,11,14,15,16,17,18,170
Montana,Other Nonoccupant Fatalities,2,1,0,0,0,5,1,1,0,1,1,2,14
Montana,Other Vehicle Fatalities,5,6,3,6,11,11,8,3,6,14,11,9,93
Montana,Unknown Person Type Fatalities,0,0,0,0,0,0,0,0,0,0,0,0,0
Nebraska,Highway Fatalities,190,181,212,211,225,246,218,228,230,248,233,221,"2,643"
Nebraska,Passenger Car Fatalities,68,75,81,81,76,83,80,72,87,90,77,68,938
Nebraska,SUV Fatalities,29,22,24,33,36,43,29,30,34,48,35,47,410
Nebraska,Pickup Truck Fatalities,33,33,42,47,57,53,43,44,37,40,44,38,511
Nebraska,Van Fatalities,18,11,14,8,13,7,12,19,7,12,2,12,135
Nebraska,Other Light Truck Fatalities,0,0,0,0,1,0,1,1,0,1,0,0,4
Nebraska,Motorcycle Fatalities,14,23,22,14,20,25,20,27,23,25,33,21,267
Nebraska,Bus Fatalities,0,0,3,0,0,0,0,0,0,0,0,0,3
Nebraska,Large Truck Fatalities,11,3,8,6,7,5,15,6,12,6,13,17,109
Nebraska,Pedalcyclist Fatalities,2,2,0,0,2,4,1,3,0,1,1,1,17
Nebraska,Pedestrian Fatalities,8,7,15,12,9,19,12,20,24,20,18,15,179
Nebraska,Other Nonoccupant Fatalities,0,0,0,6,2,2,7,1,0,2,2,2,24
Nebraska,Other Vehicle Fatalities,6,5,3,8,4,6,5,6,6,4,9,2,64
Nebraska,Unknown Person Type Fatalities,0,0,0,0,0,0,0,0,0,0,0,0,0
Nevada,Highway Fatalities,257,246,261,266,291,326,329,311,329,304,333,385,"3,638"
Nevada,Passenger Car Fatalities,91,73,89,71,88,96,87,83,101,91,88,79,"1,037"
Nevada,SUV Fatalities,26,39,35,16,32,41,36,31,40,40,38,60,434
Nevada,Pickup Truck Fatalities,35,18,18,27,20,28,22,22,23,23,31,37,304
Nevada,Van Fatalities,6,7,6,11,4,9,7,8,8,4,4,15,89
Nevada,Other Light Truck Fatalities,2,0,0,0,1,3,1,0,0,0,0,0,7
Nevada,Motorcycle Fatalities,48,41,43,59,63,55,74,54,58,56,62,87,700
Nevada,Bus Fatalities,0,0,0,0,0,2,0,0,0,1,0,1,4
Nevada,Large Truck Fatalities,2,6,7,4,2,5,7,3,3,9,11,10,69
Nevada,Pedalcyclist Fatalities,6,4,3,7,8,10,6,9,8,8,11,6,86
Nevada,Pedestrian Fatalities,36,46,55,65,71,66,80,91,79,62,81,80,812
Nevada,Other Nonoccupant Fatalities,5,1,4,4,1,7,2,7,3,7,5,4,50
Nevada,Other Vehicle Fatalities,0,2,1,2,1,4,6,3,4,2,3,5,33
Nevada,Unknown Person Type Fatalities,0,0,0,0,0,0,0,0,0,0,0,0,0
New Hampshire,Highway Fatalities,128,90,108,135,95,114,136,102,147,101,104,118,"1,378"
New Hampshire,Passenger Car Fatalities,54,42,42,58,42,49,57,46,54,36,37,36,553
New Hampshire,SUV Fatalities,21,11,14,15,8,12,14,12,31,17,15,31,201
New Hampshire,Pickup Truck Fatalities,15,9,13,14,6,10,23,9,11,7,2,9,128
New Hampshire,Van Fatalities,1,4,1,4,2,3,1,3,2,1,2,2,26
New Hampshire,Other Light Truck Fatalities,0,0,0,0,0,0,1,0,0,0,0,0,1
New Hampshire,Motorcycle Fatalities,28,14,29,24,17,26,19,15,28,30,25,26,281
New Hampshire,Bus Fatalities,0,0,0,0,0,0,0,0,0,0,0,0,0
New Hampshire,Large Truck Fatalities,0,1,0,1,2,0,0,1,7,0,5,1,18
New Hampshire,Pedalcyclist Fatalities,0,4,0,4,3,3,2,2,2,0,2,2,24
New Hampshire,Pedestrian Fatalities,9,5,8,12,12,8,17,11,9,10,16,8,125
New Hampshire,Other Nonoccupant Fatalities,0,0,1,1,1,2,1,1,2,0,0,1,10
New Hampshire,Other Vehicle Fatalities,0,0,0,2,2,1,1,2,0,0,0,2,10
New Hampshire,Unknown Person Type Fatalities,0,0,0,0,0,0,0,0,0,0,0,0,0
New Jersey,Highway Fatalities,556,627,589,542,556,561,602,624,563,558,586,699,"7,063"
New Jersey,Passenger Car Fatalities,221,248,217,217,202,213,233,213,201,189,187,215,"2,556"
New Jersey,SUV Fatalities,56,67,58,51,48,49,54,72,52,46,81,83,717
New Jersey,Pickup Truck Fatalities,23,21,24,24,23,25,31,22,25,12,17,23,270
New Jersey,Van Fatalities,23,21,16,34,21,14,16,24,19,13,18,16,235
New Jersey,Other Light Truck Fatalities,0,0,0,3,0,2,2,0,0,0,0,0,7
New Jersey,Motorcycle Fatalities,70,93,77,56,62,50,71,83,53,85,74,99,873
New Jersey,Bus Fatalities,0,3,2,1,0,0,3,0,3,3,0,1,16
New Jersey,Large Truck Fatalities,8,12,13,9,13,10,7,6,13,11,6,17,125
New Jersey,Pedalcyclist Fatalities,13,17,14,14,11,18,18,17,18,13,18,23,194
New Jersey,Pedestrian Fatalities,139,142,156,129,168,170,163,183,173,174,174,212,"1,983"
New Jersey,Other Nonoccupant Fatalities,1,0,5,3,1,2,1,1,1,4,4,6,29
New Jersey,Other Vehicle Fatalities,3,2,4,1,4,8,2,3,4,5,7,4,47
New Jersey,Unknown Person Type Fatalities,0,0,0,0,0,0,0,0,0,0,0,0,0
New Mexico,Highway Fatalities,349,350,366,311,386,298,405,380,392,425,398,481,"4,541"
New Mexico,Passenger Car Fatalities,108,108,95,81,106,79,116,93,109,108,90,115,"1,208"
New Mexico,SUV Fatalities,57,50,45,46,38,45,72,59,49,65,79,80,685
New Mexico,Pickup Truck Fatalities,84,63,68,55,65,50,70,60,55,67,62,75,774
New Mexico,Van Fatalities,6,18,11,5,20,5,6,9,8,8,8,8,112
New Mexico,Other Light Truck Fatalities,0,0,1,2,2,3,2,1,1,0,0,0,12
New Mexico,Motorcycle Fatalities,41,47,64,41,46,38,47,53,46,55,44,51,573
New Mexico,Bus Fatalities,0,1,0,2,0,0,0,0,11,0,0,0,14
New Mexico,Large Truck Fatalities,7,12,9,16,17,12,9,19,16,26,13,26,182
New Mexico,Pedalcyclist Fatalities,8,4,7,4,5,7,4,2,11,9,8,6,75
New Mexico,Pedestrian Fatalities,33,39,61,49,75,54,74,75,83,83,79,102,807
New Mexico,Other Nonoccupant Fatalities,0,3,1,2,7,0,6,4,1,4,2,6,36
New Mexico,Other Vehicle Fatalities,5,5,5,8,12,5,2,5,2,4,13,14,80
New Mexico,Unknown Person Type Fatalities,0,0,0,0,0,0,0,0,0,0,0,0,0
New York,Highway Fatalities,"1,201","1,171","1,180","1,202","1,041","1,136","1,041","1,006",964,934,"1,045","1,157","13,078"
New York,Passenger Car Fatalities,441,400,404,423,375,368,330,343,302,256,312,307,"4,261"
New York,SUV Fatalities,97,104,108,93,90,113,91,118,98,113,141,161,"1,327"
New York,Pickup Truck Fatalities,55,54,67,59,49,49,64,47,54,38,33,59,628
New York,Van Fatalities,40,46,49,41,26,41,33,33,22,26,32,25,414
New York,Other Light Truck Fatalities,0,0,1,0,0,1,0,1,1,0,0,0,4
New York,Motorcycle Fatalities,184,170,170,170,148,163,136,145,152,136,194,218,"1,986"
New York,Bus Fatalities,5,18,0,0,3,4,0,1,0,4,1,0,36
New York,Large Truck Fatalities,15,7,10,16,14,15,17,13,10,17,18,14,166
New York,Pedalcyclist Fatalities,36,57,45,40,46,36,39,46,30,48,47,33,503
New York,Pedestrian Fatalities,303,287,303,336,264,311,307,246,268,274,229,293,"3,421"
New York,Other Nonoccupant Fatalities,9,7,6,6,7,7,11,5,4,5,15,7,89
New York,Other Vehicle Fatalities,15,20,15,16,17,20,10,7,23,14,28,36,221
New York,Unknown Person Type Fatalities,0,0,0,0,0,0,0,0,0,0,0,0,0
North Carolina,Highway Fatalities,"1,320","1,230","1,299","1,290","1,284","1,379","1,450","1,412","1,436","1,457","1,538","1,663","16,758"
North Carolina,Passenger Car Fatalities,535,482,512,533,517,605,582,581,560,568,600,604,"6,679"
North Carolina,SUV Fatalities,159,156,147,146,144,149,184,170,186,194,214,263,"2,112"
North Carolina,Pickup Truck Fatalities,168,155,129,149,152,154,174,149,164,150,179,192,"1,915"
North Carolina,Van Fatalities,48,39,42,43,52,39,55,51,47,44,41,58,559
North Carolina,Other Light Truck Fatalities,0,1,1,1,0,1,1,3,1,5,0,0,14
North Carolina,Motorcycle Fatalities,191,170,198,189,190,192,185,176,191,210,190,230,"2,312"
North Carolina,Bus Fatalities,0,1,0,0,0,0,4,0,0,1,0,1,7
North Carolina,Large Truck Fatalities,13,18,25,16,20,19,23,31,25,28,24,24,266
North Carolina,Pedalcyclist Fatalities,23,25,27,22,19,23,17,29,18,19,26,23,271
North Carolina,Pedestrian Fatalities,169,161,200,174,172,182,200,198,224,221,230,248,"2,379"
North Carolina,Other Nonoccupant Fatalities,3,5,8,1,3,7,9,5,3,7,5,6,62
North Carolina,Other Vehicle Fatalities,10,17,16,16,16,8,18,21,17,11,27,13,190
North Carolina,Unknown Person Type Fatalities,0,0,0,0,0,0,0,0,0,0,0,0,0
North Dakota,Highway Fatalities,105,148,170,148,135,131,113,116,105,100,100,101,"1,472"
North Dakota,Passenger Car Fatalities,28,39,42,38,39,36,36,26,22,24,20,21,371
North Dakota,SUV Fatalities,13,23,24,26,27,18,13,18,11,19,21,27,240
North Dakota,Pickup Truck Fatalities,26,47,53,43,33,45,25,31,35,19,18,10,385
North Dakota,Van Fatalities,6,5,12,5,6,1,3,5,6,5,2,10,66
North Dakota,Other Light Truck Fatalities,0,0,0,0,0,0,0,0,2,2,0,0,4
North Dakota,Motorcycle Fatalities,15,14,16,9,10,8,12,13,16,11,17,8,149
North Dakota,Bus Fatalities,0,0,0,0,0,3,0,0,0,0,0,0,3
North Dakota,Large Truck Fatalities,6,5,9,20,5,8,9,11,3,5,2,3,86
North Dakota,Pedalcyclist Fatalities,1,1,0,1,3,1,3,2,2,2,1,1,18
North Dakota,Pedestrian Fatalities,7,9,7,1,9,7,7,5,6,5,8,10,81
North Dakota,Other Nonoccupant Fatalities,1,0,3,1,0,2,1,3,0,1,0,0,12
North Dakota,Other Vehicle Fatalities,2,5,4,4,3,4,4,5,2,7,11,11,62
North Dakota,Unknown Person Type Fatalities,0,0,0,0,0,0,0,0,0,0,0,0,0
Ohio,Highway Fatalities,"1,080","1,017","1,121",989,"1,006","1,110","1,132","1,179","1,068","1,153","1,230","1,354","13,439"
Ohio,Passenger Car Fatalities,490,432,493,427,469,449,471,545,458,446,439,458,"5,577"
Ohio,SUV Fatalities,121,112,108,121,130,130,135,145,129,173,219,214,"1,737"
Ohio,Pickup Truck Fatalities,97,102,130,105,89,104,95,92,103,115,110,115,"1,257"
Ohio,Van Fatalities,61,47,58,46,42,58,40,43,35,45,22,67,564
Ohio,Other Light Truck Fatalities,0,0,2,0,2,4,4,0,3,1,0,0,16
Ohio,Motorcycle Fatalities,170,165,162,132,136,168,199,157,145,162,207,223,"2,026"
Ohio,Bus Fatalities,1,0,1,0,0,0,0,0,0,0,1,0,3
Ohio,Large Truck Fatalities,13,19,15,27,14,28,18,18,27,30,22,34,265
Ohio,Pedalcyclist Fatalities,11,16,18,19,11,25,18,19,22,25,18,30,232
Ohio,Pedestrian Fatalities,93,104,113,85,87,116,134,142,127,124,159,168,"1,452"
Ohio,Other Nonoccupant Fatalities,5,7,2,6,9,7,8,4,7,14,5,7,81
Ohio,Other Vehicle Fatalities,17,16,17,18,18,20,10,8,11,23,26,31,215
Ohio,Unknown Person Type Fatalities,0,0,0,0,0,0,0,0,0,0,0,0,0
Oklahoma,Highway Fatalities,668,696,709,678,669,645,687,657,655,640,653,762,"8,119"
Oklahoma,Passenger Car Fatalities,213,256,215,230,226,222,207,198,230,210,183,234,"2,624"
Oklahoma,SUV Fatalities,85,82,95,92,82,78,88,86,84,97,108,156,"1,133"
Oklahoma,Pickup Truck Fatalities,167,153,169,130,174,121,144,124,112,116,147,129,"1,686"
Oklahoma,Van Fatalities,21,20,27,22,18,21,31,27,19,12,15,12,245
Oklahoma,Other Light Truck Fatalities,0,0,3,0,0,0,0,0,0,0,0,0,3
Oklahoma,Motorcycle Fatalities,78,98,84,92,57,89,88,93,91,68,61,80,979
Oklahoma,Bus Fatalities,0,1,3,0,4,0,0,0,0,1,0,0,9
Oklahoma,Large Truck Fatalities,17,27,33,29,41,27,27,28,30,21,13,20,313
Oklahoma,Pedalcyclist Fatalities,9,1,5,13,4,6,5,6,16,13,12,12,102
Oklahoma,Pedestrian Fatalities,62,43,65,58,50,70,88,79,60,85,86,106,852
Oklahoma,Other Nonoccupant Fatalities,4,3,7,3,2,0,4,4,4,4,2,5,42
Oklahoma,Other Vehicle Fatalities,9,6,7,9,11,9,6,11,8,13,26,11,126
Oklahoma,Unknown Person Type Fatalities,0,0,0,0,0,0,0,0,0,0,0,0,0
Oregon,Highway Fatalities,317,331,337,313,357,446,498,439,502,493,507,599,"5,139"
Oregon,Passenger Car Fatalities,109,115,102,134,128,152,182,158,156,169,154,176,"1,735"
Oregon,SUV Fatalities,26,39,42,33,43,56,68,47,74,72,77,92,669
Oregon,Pickup Truck Fatalities,51,49,46,37,56,60,67,60,60,66,58,83,693
Oregon,Van Fatalities,9,12,7,11,5,20,24,14,21,11,17,19,170
Oregon,Other Light Truck Fatalities,0,0,2,1,0,1,1,6,0,0,0,0,11
Oregon,Motorcycle Fatalities,38,40,51,34,46,61,55,57,85,57,67,84,675
Oregon,Bus Fatalities,0,1,10,0,0,1,0,0,0,0,0,1,13
Oregon,Large Truck Fatalities,13,9,2,5,7,8,10,10,12,18,13,13,120
Oregon,Pedalcyclist Fatalities,7,15,10,3,7,8,10,10,9,11,14,18,122
Oregon,Pedestrian Fatalities,56,46,55,48,57,69,71,70,77,82,71,87,789
Oregon,Other Nonoccupant Fatalities,6,1,5,4,0,5,3,4,2,3,7,4,44
Oregon,Other Vehicle Fatalities,2,4,5,3,8,5,7,3,6,4,28,21,96
Oregon,Unknown Person Type Fatalities,0,0,0,0,0,0,0,0,0,0,0,0,0
Pennsylvania,Highway Fatalities,"1,324","1,286","1,310","1,210","1,195","1,200","1,188","1,137","1,190","1,059","1,129","1,230","14,458"
Pennsylvania,Passenger Car Fatalities,547,558,575,516,514,478,494,463,460,384,387,389,"5,765"
Pennsylvania,SUV Fatalities,158,166,151,140,130,144,136,136,148,159,176,216,"1,860"
Pennsylvania,Pickup Truck Fatalities,108,102,107,97,84,112,87,90,95,87,71,97,"1,137"
Pennsylvania,Van Fatalities,61,43,43,47,40,48,37,28,45,35,32,30,489
Pennsylvania,Other Light Truck Fatalities,0,0,0,1,0,2,2,0,0,0,0,0,5
Pennsylvania,Motorcycle Fatalities,223,199,210,182,185,178,191,187,165,176,209,222,"2,327"
Pennsylvania,Bus Fatalities,2,2,0,8,0,3,1,1,4,0,3,2,26
Pennsylvania,Large Truck Fatalities,28,29,19,31,28,30,26,32,20,27,26,29,325
Pennsylvania,Pedalcyclist Fatalities,21,11,16,11,19,16,16,22,18,14,20,21,205
Pennsylvania,Pedestrian Fatalities,145,147,163,147,161,151,170,147,197,147,143,176,"1,894"
Pennsylvania,Other Nonoccupant Fatalities,4,5,6,9,8,4,6,6,6,7,8,6,75
Pennsylvania,Other Vehicle Fatalities,25,27,20,20,26,32,20,21,32,22,51,38,334
Pennsylvania,Unknown Person Type Fatalities,0,0,0,0,0,0,0,0,0,0,0,0,0
Rhode Island,Highway Fatalities,67,66,64,65,51,45,51,84,59,57,67,63,739
Rhode Island,Passenger Car Fatalities,28,29,27,29,17,18,19,35,18,26,29,27,302
Rhode Island,SUV Fatalities,7,3,11,3,3,5,6,6,8,7,3,11,73
Rhode Island,Pickup Truck Fatalities,3,2,8,4,3,3,4,4,4,2,2,2,41
Rhode Island,Van Fatalities,1,3,3,1,1,1,0,4,0,0,0,1,15
Rhode Island,Other Light Truck Fatalities,0,0,0,0,0,0,1,0,0,0,0,0,1
Rhode Island,Motorcycle Fatalities,15,15,8,11,10,9,4,11,18,13,12,13,139
Rhode Island,Bus Fatalities,1,0,0,0,0,0,0,0,0,0,0,0,1
Rhode Island,Large Truck Fatalities,0,0,0,0,1,1,1,1,0,0,1,0,5
Rhode Island,Pedalcyclist Fatalities,2,0,2,3,0,0,2,2,1,0,2,2,16
Rhode Island,Pedestrian Fatalities,9,14,5,14,14,8,14,21,7,8,17,7,138
Rhode Island,Other Nonoccupant Fatalities,1,0,0,0,1,0,0,4,1,0,0,0,7
Rhode Island,Other Vehicle Fatalities,0,0,0,0,1,0,0,0,2,0,1,0,4
Rhode Island,Unknown Person Type Fatalities,0,0,0,0,0,0,0,0,0,0,0,0,0
South Carolina,Highway Fatalities,809,828,863,767,823,979,"1,020",989,"1,036","1,006","1,066","1,198","11,384"
South Carolina,Passenger Car Fatalities,315,315,312,268,327,358,367,376,373,347,381,410,"4,149"
South Carolina,SUV Fatalities,122,122,116,94,106,121,118,133,137,128,168,203,"1,568"
South Carolina,Pickup Truck Fatalities,117,85,111,110,118,105,115,114,129,118,120,124,"1,366"
South Carolina,Van Fatalities,37,25,28,16,15,34,30,18,35,34,32,27,331
South Carolina,Other Light Truck Fatalities,0,0,0,0,1,0,3,2,3,2,0,0,11
South Carolina,Motorcycle Fatalities,101,129,146,149,121,185,186,145,141,154,136,177,"1,770"
South Carolina,Bus Fatalities,0,0,0,1,0,1,1,1,2,1,1,1,9
South Carolina,Large Truck Fatalities,7,23,9,10,10,24,20,19,21,23,16,19,201
South Carolina,Pedalcyclist Fatalities,14,15,13,15,14,16,25,17,23,26,14,23,215
South Carolina,Pedestrian Fatalities,90,113,123,100,107,123,144,155,165,163,188,190,"1,661"
South Carolina,Other Nonoccupant Fatalities,1,0,1,5,2,2,6,3,2,4,3,4,33
South Carolina,Other Vehicle Fatalities,5,1,4,3,2,10,7,6,4,7,10,20,79
South Carolina,Unknown Person Type Fatalities,0,0,0,0,0,0,0,0,0,0,0,0,0
South Dakota,Highway Fatalities,140,111,133,135,136,134,116,129,130,102,141,148,"1,555"
South Dakota,Passenger Car Fatalities,46,44,44,43,41,38,29,37,43,28,25,55,473
South Dakota,SUV Fatalities,12,14,25,20,19,18,21,19,25,13,24,30,240
South Dakota,Pickup Truck Fatalities,32,21,22,26,36,29,27,22,17,21,34,17,304
South Dakota,Van Fatalities,4,6,7,11,6,9,4,15,9,10,8,3,92
South Dakota,Other Light Truck Fatalities,0,0,0,0,0,0,0,0,0,0,0,0,0
South Dakota,Motorcycle Fatalities,27,14,25,22,17,31,22,16,16,14,27,22,253
South Dakota,Bus Fatalities,0,0,0,0,0,0,0,0,0,0,0,0,0
South Dakota,Large Truck Fatalities,6,2,1,2,4,1,2,8,5,4,4,2,41
South Dakota,Pedalcyclist Fatalities,2,1,0,0,2,1,0,0,0,1,0,0,7
South Dakota,Pedestrian Fatalities,9,7,2,9,9,6,6,10,10,7,14,14,103
South Dakota,Other Nonoccupant Fatalities,1,0,1,1,1,0,0,0,1,1,1,0,7
South Dakota,Other Vehicle Fatalities,2,2,7,2,2,1,5,2,4,3,5,5,40
South Dakota,Unknown Person Type Fatalities,0,0,0,0,0,0,0,0,0,0,0,0,0
Tennessee,Highway Fatalities,"1,032",937,"1,015",995,963,962,"1,037","1,024","1,040","1,136","1,217","1,327","12,685"
Tennessee,Passenger Car Fatalities,402,396,426,425,395,375,418,429,392,441,439,457,"4,995"
Tennessee,SUV Fatalities,143,126,117,114,118,129,146,118,145,144,183,254,"1,737"
Tennessee,Pickup Truck Fatalities,176,155,189,149,155,145,137,137,122,164,165,154,"1,848"
Tennessee,Van Fatalities,46,20,27,31,30,38,30,35,22,29,27,36,371
Tennessee,Other Light Truck Fatalities,1,0,2,0,0,1,1,0,2,1,0,0,8
Tennessee,Motorcycle Fatalities,137,115,139,138,120,123,147,135,168,155,148,166,"1,691"
Tennessee,Bus Fatalities,0,0,1,8,3,0,6,0,0,0,2,0,20
Tennessee,Large Truck Fatalities,21,20,21,19,24,21,21,23,23,27,36,32,288
Tennessee,Pedalcyclist Fatalities,4,5,8,8,5,10,9,8,8,7,13,7,92
Tennessee,Pedestrian Fatalities,87,80,67,80,86,104,97,121,136,148,172,177,"1,355"
Tennessee,Other Nonoccupant Fatalities,4,3,3,7,5,7,4,2,0,3,4,9,51
Tennessee,Other Vehicle Fatalities,12,17,16,17,23,9,20,15,19,17,27,35,227
Tennessee,Unknown Person Type Fatalities,0,0,0,0,0,0,0,0,0,0,0,0,0
Texas,Highway Fatalities,"3,023","3,054","3,408","3,389","3,536","3,582","3,797","3,732","3,648","3,619","3,876","4,498","43,162"
Texas,Passenger Car Fatalities,"1,033",982,"1,048","1,067","1,137","1,171","1,219","1,254","1,132","1,100","1,131","1,315","13,589"
Texas,SUV Fatalities,405,380,460,441,480,483,441,460,456,510,628,698,"5,842"
Texas,Pickup Truck Fatalities,569,558,603,606,693,626,619,588,644,598,602,712,"7,418"
Texas,Van Fatalities,97,81,117,95,87,88,87,65,107,69,69,93,"1,055"
Texas,Other Light Truck Fatalities,1,3,0,1,1,1,11,8,7,5,0,0,38
Texas,Motorcycle Fatalities,420,478,454,493,451,452,495,490,416,417,477,515,"5,558"
Texas,Bus Fatalities,3,2,2,7,2,17,10,16,4,4,3,4,74
Texas,Large Truck Fatalities,67,69,135,111,114,100,126,131,138,146,116,170,"1,423"
Texas,Pedalcyclist Fatalities,42,45,56,48,50,52,65,59,69,66,79,91,722
Texas,Pedestrian Fatalities,349,425,482,480,479,549,675,608,616,649,688,817,"6,817"
Texas,Other Nonoccupant Fatalities,14,9,11,9,14,21,15,12,14,25,31,27,202
Texas,Other Vehicle Fatalities,23,17,26,23,21,23,27,31,31,24,54,57,357
Texas,Unknown Person Type Fatalities,0,0,0,0,0,0,0,0,0,0,0,0,0
Utah,Highway Fatalities,253,243,217,220,256,278,281,273,260,248,276,328,"3,133"
Utah,Passenger Car Fatalities,103,87,82,69,89,95,85,89,84,76,90,101,"1,050"
Utah,SUV Fatalities,31,40,37,24,29,30,43,41,33,27,47,66,448
Utah,Pickup Truck Fatalities,33,30,23,40,27,38,34,32,33,40,30,37,397
Utah,Van Fatalities,15,11,3,7,11,12,8,5,6,4,8,13,103
Utah,Other Light Truck Fatalities,0,1,0,0,0,0,0,2,0,2,0,0,5
Utah,Motorcycle Fatalities,21,28,32,31,45,36,41,39,47,34,40,39,433
Utah,Bus Fatalities,1,0,0,2,0,0,0,1,0,4,0,0,8
Utah,Large Truck Fatalities,2,5,2,5,4,6,8,8,8,5,4,16,73
Utah,Pedalcyclist Fatalities,7,5,3,6,9,5,5,6,3,6,8,6,69
Utah,Pedestrian Fatalities,28,30,28,28,32,47,35,42,36,38,33,43,420
Utah,Other Nonoccupant Fatalities,0,2,3,2,5,2,4,1,1,4,3,2,29
Utah,Other Vehicle Fatalities,12,4,4,5,5,7,18,7,8,7,13,3,93
Utah,Unknown Person Type Fatalities,0,0,0,0,0,0,0,0,0,0,0,0,0
Vermont,Highway Fatalities,71,55,77,69,44,57,62,69,68,47,62,74,755
Vermont,Passenger Car Fatalities,35,26,33,32,18,20,28,30,34,22,23,23,324
Vermont,SUV Fatalities,11,6,8,11,4,10,15,8,8,6,11,14,112
Vermont,Pickup Truck Fatalities,5,6,9,5,3,2,2,7,10,4,1,7,61
Vermont,Van Fatalities,4,4,2,3,2,1,0,0,0,0,3,1,20
Vermont,Other Light Truck Fatalities,0,0,0,0,0,1,0,0,0,0,0,0,1
Vermont,Motorcycle Fatalities,6,8,11,7,7,11,11,13,7,8,10,15,114
Vermont,Bus Fatalities,0,0,0,0,1,0,0,0,0,0,0,0,1
Vermont,Large Truck Fatalities,3,1,2,1,1,1,0,1,2,2,1,3,18
Vermont,Pedalcyclist Fatalities,1,0,0,0,0,4,1,0,0,0,1,0,7
Vermont,Pedestrian Fatalities,4,3,10,5,5,5,4,8,6,3,8,8,69
Vermont,Other Nonoccupant Fatalities,0,1,2,0,0,0,0,0,0,0,0,0,3
Vermont,Other Vehicle Fatalities,2,0,2,5,3,2,1,2,1,2,4,3,27
Vermont,Unknown Person Type Fatalities,0,0,0,0,0,0,0,0,0,0,0,0,0
Virginia,Highway Fatalities,740,764,776,740,703,754,760,839,820,831,850,973,"9,550"
Virginia,Passenger Car Fatalities,307,314,332,331,299,323,308,320,333,328,303,358,"3,856"
Virginia,SUV Fatalities,84,104,91,99,68,103,88,111,116,104,140,190,"1,298"
Virginia,Pickup Truck Fatalities,99,104,98,87,86,103,81,109,74,93,117,101,"1,152"
Virginia,Van Fatalities,45,32,27,32,23,24,30,32,29,34,22,32,362
Virginia,Other Light Truck Fatalities,0,0,0,0,0,1,6,0,1,0,0,0,8
Virginia,Motorcycle Fatalities,86,96,85,79,90,79,79,117,100,102,100,111,"1,124"
Virginia,Bus Fatalities,0,4,0,1,1,0,0,0,1,2,0,1,10
Virginia,Large Truck Fatalities,23,20,27,24,22,19,26,20,26,24,32,24,287
Virginia,Pedalcyclist Fatalities,12,6,11,8,12,15,10,12,12,13,7,16,134
Virginia,Pedestrian Fatalities,73,73,97,75,88,77,122,111,118,123,111,123,"1,191"
Virginia,Other Nonoccupant Fatalities,2,3,4,3,3,1,0,2,5,1,4,5,33
Virginia,Other Vehicle Fatalities,7,9,5,1,10,8,8,5,5,6,13,10,87
Virginia,Unknown Person Type Fatalities,0,0,0,0,0,0,0,0,0,0,0,0,0
Washington,Highway Fatalities,460,454,438,436,462,551,536,563,539,538,574,670,"6,221"
Washington,Passenger Car Fatalities,200,178,156,183,177,230,192,190,184,177,185,231,"2,283"
Washington,SUV Fatalities,50,47,40,42,46,43,64,62,76,66,74,93,703
Washington,Pickup Truck Fatalities,48,51,52,52,56,67,54,61,55,54,62,62,674
Washington,Van Fatalities,15,10,11,10,17,17,19,24,9,16,15,10,173
Washington,Other Light Truck Fatalities,0,0,0,0,1,1,3,3,3,0,0,0,11
Washington,Motorcycle Fatalities,70,72,83,73,69,75,81,80,80,95,92,90,960
Washington,Bus Fatalities,0,2,0,0,1,5,0,0,1,2,0,0,11
Washington,Large Truck Fatalities,2,7,7,5,5,3,10,10,9,6,5,11,80
Washington,Pedalcyclist Fatalities,6,11,12,11,7,14,17,15,16,9,13,14,145
Washington,Pedestrian Fatalities,61,64,71,49,75,84,83,104,99,102,105,142,"1,039"
Washington,Other Nonoccupant Fatalities,3,4,5,1,3,2,7,5,4,5,6,7,52
Washington,Other Vehicle Fatalities,6,6,1,9,4,9,6,8,3,4,12,10,78
Washington,Unknown Person Type Fatalities,0,0,0,0,0,0,0,0,0,0,0,0,0
West Virginia,Highway Fatalities,315,338,339,332,272,268,269,304,294,260,267,280,"3,538"
West Virginia,Passenger Car Fatalities,128,141,141,128,99,90,85,105,104,78,70,71,"1,240"
West Virginia,SUV Fatalities,42,47,41,40,48,50,39,66,39,41,52,57,562
West Virginia,Pickup Truck Fatalities,56,66,47,73,50,45,47,40,43,43,49,48,607
West Virginia,Van Fatalities,10,9,13,6,5,5,14,7,11,7,6,8,101
West Virginia,Other Light Truck Fatalities,0,0,0,0,0,2,1,1,0,0,0,0,4
West Virginia,Motorcycle Fatalities,33,27,31,24,26,32,29,26,39,28,38,27,360
West Virginia,Bus Fatalities,0,0,0,0,0,0,0,0,0,0,0,0,0
West Virginia,Large Truck Fatalities,10,8,5,9,6,4,6,9,13,12,10,7,99
West Virginia,Pedalcyclist Fatalities,3,0,1,0,2,1,1,3,5,3,3,0,22
West Virginia,Pedestrian Fatalities,13,20,31,28,19,19,24,26,22,31,18,36,287
West Virginia,Other Nonoccupant Fatalities,0,1,0,1,2,0,6,2,1,0,1,2,16
West Virginia,Other Vehicle Fatalities,20,20,29,22,17,20,21,19,16,17,20,24,245
West Virginia,Unknown Person Type Fatalities,0,0,0,0,0,0,0,0,0,0,0,0,0
Wisconsin,Highway Fatalities,572,582,615,543,506,566,607,613,589,567,612,620,"6,992"
Wisconsin,Passenger Car Fatalities,241,227,261,213,209,236,250,256,230,194,195,193,"2,705"
Wisconsin,SUV Fatalities,52,64,72,71,62,56,85,70,91,90,133,123,969
Wisconsin,Pickup Truck Fatalities,56,73,53,64,64,70,55,71,59,59,50,51,725
Wisconsin,Van Fatalities,35,32,30,27,27,25,38,40,34,33,19,21,361
Wisconsin,Other Light Truck Fatalities,0,0,1,1,0,1,1,0,0,0,0,0,4
Wisconsin,Motorcycle Fatalities,105,88,117,85,73,81,85,76,83,85,116,121,"1,115"
Wisconsin,Bus Fatalities,0,1,0,1,0,0,0,0,1,0,0,0,3
Wisconsin,Large Truck Fatalities,2,10,11,13,11,8,9,10,14,13,6,12,119
Wisconsin,Pedalcyclist Fatalities,9,12,11,10,4,15,11,7,4,14,12,9,118
Wisconsin,Pedestrian Fatalities,52,57,45,37,45,57,51,56,56,59,50,48,613
Wisconsin,Other Nonoccupant Fatalities,2,4,0,7,0,3,1,3,3,1,1,1,26
Wisconsin,Other Vehicle Fatalities,15,13,11,19,11,9,20,24,15,18,29,35,219
Wisconsin,Unknown Person Type Fatalities,0,0,0,0,0,0,0,0,0,0,0,0,0
Wyoming,Highway Fatalities,155,135,123,87,150,145,112,123,111,147,127,110,"1,525"
Wyoming,Passenger Car Fatalities,38,32,36,24,36,37,18,36,25,35,24,16,357
Wyoming,SUV Fatalities,29,28,24,15,28,33,26,21,15,29,35,24,307
Wyoming,Pickup Truck Fatalities,38,30,30,23,40,37,19,27,34,26,25,27,356
Wyoming,Van Fatalities,1,11,4,4,14,0,8,3,2,13,5,4,69
Wyoming,Other Light Truck Fatalities,0,0,0,0,0,0,0,0,0,0,0,0,0
Wyoming,Motorcycle Fatalities,33,16,12,9,16,24,24,17,15,15,19,17,217
Wyoming,Bus Fatalities,0,0,0,0,0,0,0,0,0,0,0,0,0
Wyoming,Large Truck Fatalities,7,8,8,7,5,7,8,8,12,13,8,6,97
Wyoming,Pedalcyclist Fatalities,0,1,0,0,5,0,1,0,0,0,1,0,8
Wyoming,Pedestrian Fatalities,3,6,6,4,5,5,4,6,6,11,6,11,73
Wyoming,Other Nonoccupant Fatalities,0,0,0,0,1,0,0,0,0,2,0,0,3
Wyoming,Other Vehicle Fatalities,6,3,3,1,1,2,3,5,2,5,4,5,40
Wyoming,Unknown Person Type Fatalities,0,0,0,0,0,0,0,0,0,0,0,0,0
Puerto Rico,Highway Fatalities,340,361,366,344,304,310,279,290,308,289,242,337,"3,770"
Puerto Rico,Passenger Car Fatalities,128,120,137,140,115,113,92,111,90,98,84,105,"1,333"
Puerto Rico,SUV Fatalities,24,35,25,32,19,13,29,22,34,23,26,37,319
Puerto Rico,Pickup Truck Fatalities,13,19,6,13,8,10,6,11,8,15,4,8,121
Puerto Rico,Van Fatalities,3,6,5,5,1,2,3,3,2,2,1,4,37
Puerto Rico,Other Light Truck Fatalities,0,0,0,0,0,0,0,0,0,0,0,0,0
Puerto Rico,Motorcycle Fatalities,47,53,54,42,47,48,45,28,44,34,47,67,556
Puerto Rico,Bus Fatalities,0,0,0,1,0,0,0,0,0,1,0,0,2
Puerto Rico,Large Truck Fatalities,4,3,2,5,1,1,0,0,3,2,1,2,24
Puerto Rico,Pedalcyclist Fatalities,15,7,16,11,12,11,9,10,9,9,9,12,130
Puerto Rico,Pedestrian Fatalities,101,111,112,87,95,101,89,98,116,100,63,92,"1,165"
Puerto Rico,Other Nonoccupant Fatalities,5,6,5,5,1,5,2,2,1,3,0,2,37
Puerto Rico,Other Vehicle Fatalities,0,0,4,3,5,5,4,5,1,2,7,7,43
Puerto Rico,Unknown Person Type Fatalities,0,0,0,0,0,0,0,0,0,0,0,0,0
Virgin Islands,Highway Fatalities,,,,,,,,,,,,,
Virgin Islands,Passenger Car Fatalities,,,,,,,,,,,,,
Virgin Islands,SUV Fatalities,,,,,,,,,,,,,
Virgin Islands,Pickup Truck Fatalities,,,,,,,,,,,,,
Virgin Islands,Van Fatalities,,,,,,,,,,,,,
Virgin Islands,Other Light Truck Fatalities,,,,,,,,,,,,,
Virgin Islands,Motorcycle Fatalities,,,,,,,,,,,,,
Virgin Islands,Bus Fatalities,,,,,,,,,,,,,
Virgin Islands,Large Truck Fatalities,,,,,,,,,,,,,
Virgin Islands,Pedalcyclist Fatalities,,,,,,,,,,,,,
Virgin Islands,Pedestrian Fatalities,,,,,,,,,,,,,
Virgin Islands,Other Nonoccupant Fatalities,,,,,,,,,,,,,
Virgin Islands,Other Vehicle Fatalities,,,,,,,,,,,,,
Virgin Islands,Unknown Person Type Fatalities,,,,,,,,,,,,,
