State,Measures,Year of Year,Values
United States,Highway vehicle-miles traveled (millions),2021,3153957.276
United States,Licensed drivers,2021,232781797
United States,Highway vehicle-miles traveled (millions),2020,2917383.137
United States,Licensed drivers,2020,228195802.4
United States,Highway vehicle-miles traveled (millions),2019,3276481.684
United States,Licensed drivers,2019,228679719.2
United States,Highway vehicle-miles traveled (millions),2018,3255346.658
United States,Licensed drivers,2018,227548895
United States,Person miles (millions),2017,7940574
United States,Person trips (millions),2017,742304
United States,Persons traveling (thousands),2017,603198
United States,Highway vehicle-miles traveled (millions),2017,3225258.237
United States,Licensed drivers,2017,225346257
United States,Highway vehicle-miles traveled (millions),2016,3188379
United States,Licensed drivers,2016,221711918
United States,Highway vehicle-miles traveled (millions),2015,3104405.552
United States,Licensed drivers,2015,218084465.3
United States,Highway vehicle-miles traveled (millions),2014,3034941.523
United States,Licensed drivers,2014,214092471.7
United States,Highway vehicle-miles traveled (millions),2013,3001529.023
United States,Licensed drivers,2013,212159728
United States,Highway vehicle-miles traveled (millions),2012,2982085.276
United States,Licensed drivers,2012,211814830
United States,Highway vehicle-miles traveled (millions),2011,2963781.977
United States,Licensed drivers,2011,211874649.2
United States,Highway vehicle-miles traveled (millions),2010,2985854.322
United States,Licensed drivers,2010,210114939.3
Alabama,Highway vehicle-miles traveled (millions),2021,79568.58544
Alabama,Licensed drivers,2021,4061837
Alabama,Highway vehicle-miles traveled (millions),2020,67921.49684
Alabama,Licensed drivers,2020,4042900
Alabama,Highway vehicle-miles traveled (millions),2019,71734.62781
Alabama,Licensed drivers,2019,4026151
Alabama,Highway vehicle-miles traveled (millions),2018,71167.20675
Alabama,Licensed drivers,2018,3999057
Alabama,Person miles (millions),2017,158050
Alabama,Person trips (millions),2017,10604
Alabama,Persons traveling (thousands),2017,8932
Alabama,Highway vehicle-miles traveled (millions),2017,70677.2482
Alabama,Licensed drivers,2017,3954378
Alabama,Highway vehicle-miles traveled (millions),2016,69227
Alabama,Licensed drivers,2016,3943082
Alabama,Highway vehicle-miles traveled (millions),2015,67257.00465
Alabama,Licensed drivers,2015,3907038
Alabama,Highway vehicle-miles traveled (millions),2014,65666.60432
Alabama,Licensed drivers,2014,3881542
Alabama,Highway vehicle-miles traveled (millions),2013,65046.48393
Alabama,Licensed drivers,2013,3859403
Alabama,Highway vehicle-miles traveled (millions),2012,64959.17207
Alabama,Licensed drivers,2012,3827522
Alabama,Highway vehicle-miles traveled (millions),2011,64914.37237
Alabama,Licensed drivers,2011,3798552
Alabama,Highway vehicle-miles traveled (millions),2010,64165.14864
Alabama,Licensed drivers,2010,3805751
Alaska,Highway vehicle-miles traveled (millions),2021,5752.18765
Alaska,Licensed drivers,2021,519288
Alaska,Highway vehicle-miles traveled (millions),2020,5305.88855
Alaska,Licensed drivers,2020,518872
Alaska,Highway vehicle-miles traveled (millions),2019,5881.303128
Alaska,Licensed drivers,2019,529281
Alaska,Highway vehicle-miles traveled (millions),2018,5487.319994
Alaska,Licensed drivers,2018,536033
Alaska,Person miles (millions),2017,15978
Alaska,Person trips (millions),2017,1716
Alaska,Persons traveling (thousands),2017,1372
Alaska,Highway vehicle-miles traveled (millions),2017,5518.716307
Alaska,Licensed drivers,2017,534585
Alaska,Highway vehicle-miles traveled (millions),2016,5259
Alaska,Licensed drivers,2016,534585
Alaska,Highway vehicle-miles traveled (millions),2015,5045.390231
Alaska,Licensed drivers,2015,533227
Alaska,Highway vehicle-miles traveled (millions),2014,4856.704008
Alaska,Licensed drivers,2014,531744
Alaska,Highway vehicle-miles traveled (millions),2013,4848.454772
Alaska,Licensed drivers,2013,528873
Alaska,Highway vehicle-miles traveled (millions),2012,4792.081999
Alaska,Licensed drivers,2012,526371
Alaska,Highway vehicle-miles traveled (millions),2011,4593.089397
Alaska,Licensed drivers,2011,521280
Alaska,Highway vehicle-miles traveled (millions),2010,4798.261974
Alaska,Licensed drivers,2010,515239
Arizona,Highway vehicle-miles traveled (millions),2021,73759.95568
Arizona,Licensed drivers,2021,5795216
Arizona,Highway vehicle-miles traveled (millions),2020,65758.27912
Arizona,Licensed drivers,2020,5681495
Arizona,Highway vehicle-miles traveled (millions),2019,70280.64647
Arizona,Licensed drivers,2019,5369210
Arizona,Highway vehicle-miles traveled (millions),2018,66144.51121
Arizona,Licensed drivers,2018,5284970
Arizona,Person miles (millions),2017,228606
Arizona,Person trips (millions),2017,15240
Arizona,Persons traveling (thousands),2017,12764
Arizona,Highway vehicle-miles traveled (millions),2017,65069.57894
Arizona,Licensed drivers,2017,5164966
Arizona,Highway vehicle-miles traveled (millions),2016,65786
Arizona,Licensed drivers,2016,5082305
Arizona,Highway vehicle-miles traveled (millions),2015,65044.85807
Arizona,Licensed drivers,2015,4978762
Arizona,Highway vehicle-miles traveled (millions),2014,62630.73598
Arizona,Licensed drivers,2014,4881801
Arizona,Highway vehicle-miles traveled (millions),2013,60586.17136
Arizona,Licensed drivers,2013,4791450
Arizona,Highway vehicle-miles traveled (millions),2012,60129.35825
Arizona,Licensed drivers,2012,4697579
Arizona,Highway vehicle-miles traveled (millions),2011,59574.9492
Arizona,Licensed drivers,2011,4592398
Arizona,Highway vehicle-miles traveled (millions),2010,59995.1587
Arizona,Licensed drivers,2010,4443647
Arkansas,Highway vehicle-miles traveled (millions),2021,38426.80577
Arkansas,Licensed drivers,2021,2306921
Arkansas,Highway vehicle-miles traveled (millions),2020,33918.76191
Arkansas,Licensed drivers,2020,2153929
Arkansas,Highway vehicle-miles traveled (millions),2019,37099.01982
Arkansas,Licensed drivers,2019,2153929
Arkansas,Highway vehicle-miles traveled (millions),2018,36675.30905
Arkansas,Licensed drivers,2018,2145334
Arkansas,Person miles (millions),2017,59954
Arkansas,Person trips (millions),2017,7260
Arkansas,Persons traveling (thousands),2017,6168
Arkansas,Highway vehicle-miles traveled (millions),2017,36389.32515
Arkansas,Licensed drivers,2017,2417464
Arkansas,Highway vehicle-miles traveled (millions),2016,35755
Arkansas,Licensed drivers,2016,2391103
Arkansas,Highway vehicle-miles traveled (millions),2015,34897.33423
Arkansas,Licensed drivers,2015,2119578
Arkansas,Highway vehicle-miles traveled (millions),2014,34023.96012
Arkansas,Licensed drivers,2014,2111873
Arkansas,Highway vehicle-miles traveled (millions),2013,33493.27431
Arkansas,Licensed drivers,2013,2097201
Arkansas,Highway vehicle-miles traveled (millions),2012,33522.13681
Arkansas,Licensed drivers,2012,2199164
Arkansas,Highway vehicle-miles traveled (millions),2011,32952.94952
Arkansas,Licensed drivers,2011,1956091
Arkansas,Highway vehicle-miles traveled (millions),2010,33504.42526
Arkansas,Licensed drivers,2010,2077806
California,Highway vehicle-miles traveled (millions),2021,310822.7259
California,Licensed drivers,2021,27112595
California,Highway vehicle-miles traveled (millions),2020,299811.6831
California,Licensed drivers,2020,27005302
California,Highway vehicle-miles traveled (millions),2019,340836.2515
California,Licensed drivers,2019,27213650
California,Highway vehicle-miles traveled (millions),2018,348795.7135
California,Licensed drivers,2018,27039400
California,Person miles (millions),2017,957212
California,Person trips (millions),2017,88002
California,Persons traveling (thousands),2017,73264
California,Highway vehicle-miles traveled (millions),2017,343862.1124
California,Licensed drivers,2017,26777132
California,Highway vehicle-miles traveled (millions),2016,340115
California,Licensed drivers,2016,26199436
California,Highway vehicle-miles traveled (millions),2015,335538.5566
California,Licensed drivers,2015,25532920
California,Highway vehicle-miles traveled (millions),2014,332857.198
California,Licensed drivers,2014,24813346
California,Highway vehicle-miles traveled (millions),2013,329534.133
California,Licensed drivers,2013,24390236
California,Highway vehicle-miles traveled (millions),2012,326271.6506
California,Licensed drivers,2012,24200997
California,Highway vehicle-miles traveled (millions),2011,320783.9054
California,Licensed drivers,2011,23856600
California,Highway vehicle-miles traveled (millions),2010,322849.3982
California,Licensed drivers,2010,23753441
Colorado,Highway vehicle-miles traveled (millions),2021,53839.70626
Colorado,Licensed drivers,2021,4411587
Colorado,Highway vehicle-miles traveled (millions),2020,48642.0466
Colorado,Licensed drivers,2020,4299447
Colorado,Highway vehicle-miles traveled (millions),2019,54633.55451
Colorado,Licensed drivers,2019,4235384
Colorado,Highway vehicle-miles traveled (millions),2018,53953.6075
Colorado,Licensed drivers,2018,4244713
Colorado,Person miles (millions),2017,140264
Colorado,Person trips (millions),2017,13446
Colorado,Persons traveling (thousands),2017,9432
Colorado,Highway vehicle-miles traveled (millions),2017,53382.10272
Colorado,Licensed drivers,2017,4156138
Colorado,Highway vehicle-miles traveled (millions),2016,52152
Colorado,Licensed drivers,2016,4066580
Colorado,Highway vehicle-miles traveled (millions),2015,50437.33835
Colorado,Licensed drivers,2015,3974521
Colorado,Highway vehicle-miles traveled (millions),2014,48985.14118
Colorado,Licensed drivers,2014,3883362
Colorado,Highway vehicle-miles traveled (millions),2013,46968.08474
Colorado,Licensed drivers,2013,3837488
Colorado,Highway vehicle-miles traveled (millions),2012,46768.77109
Colorado,Licensed drivers,2012,3807673
Colorado,Highway vehicle-miles traveled (millions),2011,46606.26373
Colorado,Licensed drivers,2011,3669816
Colorado,Highway vehicle-miles traveled (millions),2010,46939.92729
Colorado,Licensed drivers,2010,3779273
Connecticut,Highway vehicle-miles traveled (millions),2021,28988.54262
Connecticut,Licensed drivers,2021,2606396
Connecticut,Highway vehicle-miles traveled (millions),2020,29844.93826
Connecticut,Licensed drivers,2020,2508670
Connecticut,Highway vehicle-miles traveled (millions),2019,31600.84836
Connecticut,Licensed drivers,2019,2608061
Connecticut,Highway vehicle-miles traveled (millions),2018,31595.70533
Connecticut,Licensed drivers,2018,2605612
Connecticut,Person miles (millions),2017,63498
Connecticut,Person trips (millions),2017,7208
Connecticut,Persons traveling (thousands),2017,5904
Connecticut,Highway vehicle-miles traveled (millions),2017,31500.06154
Connecticut,Licensed drivers,2017,2586994
Connecticut,Highway vehicle-miles traveled (millions),2016,31639
Connecticut,Licensed drivers,2016,2611007
Connecticut,Highway vehicle-miles traveled (millions),2015,31591.79366
Connecticut,Licensed drivers,2015,2566673
Connecticut,Highway vehicle-miles traveled (millions),2014,31190.31408
Connecticut,Licensed drivers,2014,2542588
Connecticut,Highway vehicle-miles traveled (millions),2013,30941.1856
Connecticut,Licensed drivers,2013,2534090
Connecticut,Highway vehicle-miles traveled (millions),2012,31269.36372
Connecticut,Licensed drivers,2012,2485708
Connecticut,Highway vehicle-miles traveled (millions),2011,31197.24686
Connecticut,Licensed drivers,2011,2986267
Connecticut,Highway vehicle-miles traveled (millions),2010,31294.41665
Connecticut,Licensed drivers,2010,2934576
Delaware,Highway vehicle-miles traveled (millions),2021,10152.42445
Delaware,Licensed drivers,2021,848504
Delaware,Highway vehicle-miles traveled (millions),2020,8345.22961
Delaware,Licensed drivers,2020,829226
Delaware,Highway vehicle-miles traveled (millions),2019,10245.15892
Delaware,Licensed drivers,2019,812529
Delaware,Highway vehicle-miles traveled (millions),2018,10179.38381
Delaware,Licensed drivers,2018,786504
Delaware,Person miles (millions),2017,28770
Delaware,Person trips (millions),2017,2166
Delaware,Persons traveling (thousands),2017,1828
Delaware,Highway vehicle-miles traveled (millions),2017,10466.907
Delaware,Licensed drivers,2017,770512
Delaware,Highway vehicle-miles traveled (millions),2016,10178
Delaware,Licensed drivers,2016,756328
Delaware,Highway vehicle-miles traveled (millions),2015,9930.610378
Delaware,Licensed drivers,2015,742524
Delaware,Highway vehicle-miles traveled (millions),2014,9596.403603
Delaware,Licensed drivers,2014,732349
Delaware,Highway vehicle-miles traveled (millions),2013,9307.81002
Delaware,Licensed drivers,2013,723657
Delaware,Highway vehicle-miles traveled (millions),2012,9185.73807
Delaware,Licensed drivers,2012,720290
Delaware,Highway vehicle-miles traveled (millions),2011,9028.172588
Delaware,Licensed drivers,2011,716109
Delaware,Highway vehicle-miles traveled (millions),2010,8947.67132
Delaware,Licensed drivers,2010,695036
District of Columbia,Highway vehicle-miles traveled (millions),2021,3247.77543
District of Columbia,Licensed drivers,2021,510985
District of Columbia,Highway vehicle-miles traveled (millions),2020,3030.47397
District of Columbia,Licensed drivers,2020,520865
District of Columbia,Highway vehicle-miles traveled (millions),2019,3756.069755
District of Columbia,Licensed drivers,2019,535579
District of Columbia,Highway vehicle-miles traveled (millions),2018,3690.677971
District of Columbia,Licensed drivers,2018,527731
District of Columbia,Person miles (millions),2017,17542
District of Columbia,Person trips (millions),2017,2832
District of Columbia,Persons traveling (thousands),2017,2482
District of Columbia,Highway vehicle-miles traveled (millions),2017,3715.864585
District of Columbia,Licensed drivers,2017,521056
District of Columbia,Highway vehicle-miles traveled (millions),2016,3622
District of Columbia,Licensed drivers,2016,489831
District of Columbia,Highway vehicle-miles traveled (millions),2015,3557.192653
District of Columbia,Licensed drivers,2015,455602
District of Columbia,Highway vehicle-miles traveled (millions),2014,3527.5882
District of Columbia,Licensed drivers,2014,419896
District of Columbia,Highway vehicle-miles traveled (millions),2013,3527.268919
District of Columbia,Licensed drivers,2013,405555
District of Columbia,Highway vehicle-miles traveled (millions),2012,3571.830096
District of Columbia,Licensed drivers,2012,400993
District of Columbia,Highway vehicle-miles traveled (millions),2011,3568.115084
District of Columbia,Licensed drivers,2011,395442
District of Columbia,Highway vehicle-miles traveled (millions),2010,3590.818444
District of Columbia,Licensed drivers,2010,384940
Florida,Highway vehicle-miles traveled (millions),2021,217566.3769
Florida,Licensed drivers,2021,16144302
Florida,Highway vehicle-miles traveled (millions),2020,208075.9189
Florida,Licensed drivers,2020,15715373
Florida,Highway vehicle-miles traveled (millions),2019,226514.4161
Florida,Licensed drivers,2019,15560628
Florida,Highway vehicle-miles traveled (millions),2018,221815.7407
Florida,Licensed drivers,2018,15368695
Florida,Person miles (millions),2017,432130
Florida,Person trips (millions),2017,42336
Florida,Persons traveling (thousands),2017,35438
Florida,Highway vehicle-miles traveled (millions),2017,218825.8034
Florida,Licensed drivers,2017,15076358
Florida,Highway vehicle-miles traveled (millions),2016,215551
Florida,Licensed drivers,2016,14675160
Florida,Highway vehicle-miles traveled (millions),2015,206982.4642
Florida,Licensed drivers,2015,14262715
Florida,Highway vehicle-miles traveled (millions),2014,201040.4039
Florida,Licensed drivers,2014,13898347
Florida,Highway vehicle-miles traveled (millions),2013,192701.8157
Florida,Licensed drivers,2013,13670441
Florida,Highway vehicle-miles traveled (millions),2012,191373.7705
Florida,Licensed drivers,2012,13896581
Florida,Highway vehicle-miles traveled (millions),2011,191854.9549
Florida,Licensed drivers,2011,13882423
Florida,Highway vehicle-miles traveled (millions),2010,195754.7133
Florida,Licensed drivers,2010,13949726
Georgia,Highway vehicle-miles traveled (millions),2021,120685.2241
Georgia,Licensed drivers,2021,7663847
Georgia,Highway vehicle-miles traveled (millions),2020,115966.8266
Georgia,Licensed drivers,2020,7521750
Georgia,Highway vehicle-miles traveled (millions),2019,133127.6582
Georgia,Licensed drivers,2019,7261266
Georgia,Highway vehicle-miles traveled (millions),2018,131455.5328
Georgia,Licensed drivers,2018,7168733
Georgia,Person miles (millions),2017,263478
Georgia,Person trips (millions),2017,22158
Georgia,Persons traveling (thousands),2017,19126
Georgia,Highway vehicle-miles traveled (millions),2017,124733.3944
Georgia,Licensed drivers,2017,7060344
Georgia,Highway vehicle-miles traveled (millions),2016,122802
Georgia,Licensed drivers,2016,6975900
Georgia,Highway vehicle-miles traveled (millions),2015,118106.5611
Georgia,Licensed drivers,2015,6906191
Georgia,Highway vehicle-miles traveled (millions),2014,111534.8934
Georgia,Licensed drivers,2014,6650434
Georgia,Highway vehicle-miles traveled (millions),2013,109354.5119
Georgia,Licensed drivers,2013,6607016
Georgia,Highway vehicle-miles traveled (millions),2012,107488.4972
Georgia,Licensed drivers,2012,6581534
Georgia,Highway vehicle-miles traveled (millions),2011,108453.5027
Georgia,Licensed drivers,2011,6505690
Georgia,Highway vehicle-miles traveled (millions),2010,111722.467
Georgia,Licensed drivers,2010,6507888
Hawaii,Highway vehicle-miles traveled (millions),2021,9971.96374
Hawaii,Licensed drivers,2021,917464
Hawaii,Highway vehicle-miles traveled (millions),2020,8785.36654
Hawaii,Licensed drivers,2020,921547
Hawaii,Highway vehicle-miles traveled (millions),2019,11024.0049
Hawaii,Licensed drivers,2019,943173
Hawaii,Highway vehicle-miles traveled (millions),2018,10886.76775
Hawaii,Licensed drivers,2018,948417
Hawaii,Person miles (millions),2017,28296
Hawaii,Person trips (millions),2017,3326
Hawaii,Persons traveling (thousands),2017,2774
Hawaii,Highway vehicle-miles traveled (millions),2017,10748.61947
Hawaii,Licensed drivers,2017,951008
Hawaii,Highway vehicle-miles traveled (millions),2016,10635
Hawaii,Licensed drivers,2016,931703
Hawaii,Highway vehicle-miles traveled (millions),2015,10300.52988
Hawaii,Licensed drivers,2015,909797
Hawaii,Highway vehicle-miles traveled (millions),2014,10174.34633
Hawaii,Licensed drivers,2014,902639
Hawaii,Highway vehicle-miles traveled (millions),2013,10099.35059
Hawaii,Licensed drivers,2013,915033
Hawaii,Highway vehicle-miles traveled (millions),2012,10049.66346
Hawaii,Licensed drivers,2012,915033
Hawaii,Highway vehicle-miles traveled (millions),2011,10066.37931
Hawaii,Licensed drivers,2011,911660
Hawaii,Highway vehicle-miles traveled (millions),2010,9994.649305
Hawaii,Licensed drivers,2010,909407
Idaho,Highway vehicle-miles traveled (millions),2021,19308.17008
Idaho,Licensed drivers,2021,1343453
Idaho,Highway vehicle-miles traveled (millions),2020,17406.41762
Idaho,Licensed drivers,2020,1285331
Idaho,Highway vehicle-miles traveled (millions),2019,18057.66158
Idaho,Licensed drivers,2019,1252535
Idaho,Highway vehicle-miles traveled (millions),2018,17709.14577
Idaho,Licensed drivers,2018,1252535
Idaho,Person miles (millions),2017,32924
Idaho,Person trips (millions),2017,4568
Idaho,Persons traveling (thousands),2017,3850
Idaho,Highway vehicle-miles traveled (millions),2017,17300.37194
Idaho,Licensed drivers,2017,1190367
Idaho,Highway vehicle-miles traveled (millions),2016,17199
Idaho,Licensed drivers,2016,1160922
Idaho,Highway vehicle-miles traveled (millions),2015,16661.94971
Idaho,Licensed drivers,2015,1135009
Idaho,Highway vehicle-miles traveled (millions),2014,16154.04002
Idaho,Licensed drivers,2014,1128497
Idaho,Highway vehicle-miles traveled (millions),2013,15980.10637
Idaho,Licensed drivers,2013,1111485
Idaho,Highway vehicle-miles traveled (millions),2012,16314.57164
Idaho,Licensed drivers,2012,1092977
Idaho,Highway vehicle-miles traveled (millions),2011,15936.59932
Idaho,Licensed drivers,2011,1083992
Idaho,Highway vehicle-miles traveled (millions),2010,15801.20628
Idaho,Licensed drivers,2010,1069542
Illinois,Highway vehicle-miles traveled (millions),2021,97529.583
Illinois,Licensed drivers,2021,8364843
Illinois,Highway vehicle-miles traveled (millions),2020,94120.59736
Illinois,Licensed drivers,2020,8225298
Illinois,Highway vehicle-miles traveled (millions),2019,107524.6445
Illinois,Licensed drivers,2019,8546932
Illinois,Highway vehicle-miles traveled (millions),2018,107954.2539
Illinois,Licensed drivers,2018,8714788
Illinois,Person miles (millions),2017,297054
Illinois,Person trips (millions),2017,30158
Illinois,Persons traveling (thousands),2017,23968
Illinois,Highway vehicle-miles traveled (millions),2017,108011.2553
Illinois,Licensed drivers,2017,8529404
Illinois,Highway vehicle-miles traveled (millions),2016,107314
Illinois,Licensed drivers,2016,8514644
Illinois,Highway vehicle-miles traveled (millions),2015,105223.406
Illinois,Licensed drivers,2015,8462193
Illinois,Highway vehicle-miles traveled (millions),2014,104905.5064
Illinois,Licensed drivers,2014,8373565
Illinois,Highway vehicle-miles traveled (millions),2013,105297.1041
Illinois,Licensed drivers,2013,8261582
Illinois,Highway vehicle-miles traveled (millions),2012,104578.407
Illinois,Licensed drivers,2012,8235745
Illinois,Highway vehicle-miles traveled (millions),2011,103234.0169
Illinois,Licensed drivers,2011,8373969
Illinois,Highway vehicle-miles traveled (millions),2010,105787.8524
Illinois,Licensed drivers,2010,8373969
Indiana,Highway vehicle-miles traveled (millions),2021,78640.39604
Indiana,Licensed drivers,2021,4636114
Indiana,Highway vehicle-miles traveled (millions),2020,76607.74049
Indiana,Licensed drivers,2020,4532708
Indiana,Highway vehicle-miles traveled (millions),2019,82719.12299
Indiana,Licensed drivers,2019,4589405
Indiana,Highway vehicle-miles traveled (millions),2018,81528.8118
Indiana,Licensed drivers,2018,4589405
Indiana,Person miles (millions),2017,155168
Indiana,Person trips (millions),2017,15538
Indiana,Persons traveling (thousands),2017,11904
Indiana,Highway vehicle-miles traveled (millions),2017,81751.85677
Indiana,Licensed drivers,2017,4553584
Indiana,Highway vehicle-miles traveled (millions),2016,83183
Indiana,Licensed drivers,2016,4553259
Indiana,Highway vehicle-miles traveled (millions),2015,78818.67261
Indiana,Licensed drivers,2015,4467848
Indiana,Highway vehicle-miles traveled (millions),2014,79203.62949
Indiana,Licensed drivers,2014,4448099
Indiana,Highway vehicle-miles traveled (millions),2013,78311.29441
Indiana,Licensed drivers,2013,4500403
Indiana,Highway vehicle-miles traveled (millions),2012,78922.58
Indiana,Licensed drivers,2012,5375973
Indiana,Highway vehicle-miles traveled (millions),2011,76485.23088
Indiana,Licensed drivers,2011,6569665
Indiana,Highway vehicle-miles traveled (millions),2010,75760.50984
Indiana,Licensed drivers,2010,5550469
Iowa,Highway vehicle-miles traveled (millions),2021,33039.27764
Iowa,Licensed drivers,2021,2345355
Iowa,Highway vehicle-miles traveled (millions),2020,29751.49674
Iowa,Licensed drivers,2020,2268916
Iowa,Highway vehicle-miles traveled (millions),2019,33537.01904
Iowa,Licensed drivers,2019,2274431
Iowa,Highway vehicle-miles traveled (millions),2018,33282.40004
Iowa,Licensed drivers,2018,2260271
Iowa,Person miles (millions),2017,89406
Iowa,Person trips (millions),2017,8208
Iowa,Persons traveling (thousands),2017,6392
Iowa,Highway vehicle-miles traveled (millions),2017,33482.08769
Iowa,Licensed drivers,2017,2246829
Iowa,Highway vehicle-miles traveled (millions),2016,33337
Iowa,Licensed drivers,2016,2245640
Iowa,Highway vehicle-miles traveled (millions),2015,33160.97573
Iowa,Licensed drivers,2015,2224130
Iowa,Highway vehicle-miles traveled (millions),2014,31413.67447
Iowa,Licensed drivers,2014,2227950
Iowa,Highway vehicle-miles traveled (millions),2013,31641.00166
Iowa,Licensed drivers,2013,2143665
Iowa,Highway vehicle-miles traveled (millions),2012,31596.24047
Iowa,Licensed drivers,2012,2217304
Iowa,Highway vehicle-miles traveled (millions),2011,31274.31114
Iowa,Licensed drivers,2011,2191715
Iowa,Highway vehicle-miles traveled (millions),2010,31388.61561
Iowa,Licensed drivers,2010,2166759
Kansas,Highway vehicle-miles traveled (millions),2021,31692.83414
Kansas,Licensed drivers,2021,2089707
Kansas,Highway vehicle-miles traveled (millions),2020,27853.80189
Kansas,Licensed drivers,2020,2004302
Kansas,Highway vehicle-miles traveled (millions),2019,31842.51993
Kansas,Licensed drivers,2019,2154260
Kansas,Highway vehicle-miles traveled (millions),2018,32190.41298
Kansas,Licensed drivers,2018,2149430
Kansas,Person miles (millions),2017,52792
Kansas,Person trips (millions),2017,6820
Kansas,Persons traveling (thousands),2017,5128
Kansas,Highway vehicle-miles traveled (millions),2017,32258.18896
Kansas,Licensed drivers,2017,2029869
Kansas,Highway vehicle-miles traveled (millions),2016,32103
Kansas,Licensed drivers,2016,2030025
Kansas,Highway vehicle-miles traveled (millions),2015,31379.12459
Kansas,Licensed drivers,2015,2028657
Kansas,Highway vehicle-miles traveled (millions),2014,30709.71729
Kansas,Licensed drivers,2014,2021271
Kansas,Highway vehicle-miles traveled (millions),2013,30208.2842
Kansas,Licensed drivers,2013,2017759
Kansas,Highway vehicle-miles traveled (millions),2012,30572.47519
Kansas,Licensed drivers,2012,2018029
Kansas,Highway vehicle-miles traveled (millions),2011,30021.24703
Kansas,Licensed drivers,2011,2025581
Kansas,Highway vehicle-miles traveled (millions),2010,29899.65838
Kansas,Licensed drivers,2010,2033092
Kentucky,Highway vehicle-miles traveled (millions),2021,48111.36861
Kentucky,Licensed drivers,2021,2980331
Kentucky,Highway vehicle-miles traveled (millions),2020,46535.80644
Kentucky,Licensed drivers,2020,2905632
Kentucky,Highway vehicle-miles traveled (millions),2019,49410.33181
Kentucky,Licensed drivers,2019,3030329
Kentucky,Highway vehicle-miles traveled (millions),2018,49543.60624
Kentucky,Licensed drivers,2018,3032530
Kentucky,Person miles (millions),2017,131022
Kentucky,Person trips (millions),2017,11722
Kentucky,Persons traveling (thousands),2017,8890
Kentucky,Highway vehicle-miles traveled (millions),2017,49239.3341
Kentucky,Licensed drivers,2017,3019008
Kentucky,Highway vehicle-miles traveled (millions),2016,49313
Kentucky,Licensed drivers,2016,3031447
Kentucky,Highway vehicle-miles traveled (millions),2015,48674.69601
Kentucky,Licensed drivers,2015,3021266
Kentucky,Highway vehicle-miles traveled (millions),2014,47940.63478
Kentucky,Licensed drivers,2014,3004919
Kentucky,Highway vehicle-miles traveled (millions),2013,46995.99686
Kentucky,Licensed drivers,2013,3019283
Kentucky,Highway vehicle-miles traveled (millions),2012,47343.94452
Kentucky,Licensed drivers,2012,2985234
Kentucky,Highway vehicle-miles traveled (millions),2011,48061.31448
Kentucky,Licensed drivers,2011,2959881
Kentucky,Highway vehicle-miles traveled (millions),2010,48006.7429
Kentucky,Licensed drivers,2010,2950191
Louisiana,Highway vehicle-miles traveled (millions),2021,54727.65668
Louisiana,Licensed drivers,2021,3437733
Louisiana,Highway vehicle-miles traveled (millions),2020,48374.10643
Louisiana,Licensed drivers,2020,3416648
Louisiana,Highway vehicle-miles traveled (millions),2019,51360.30324
Louisiana,Licensed drivers,2019,3435168
Louisiana,Highway vehicle-miles traveled (millions),2018,50045.42745
Louisiana,Licensed drivers,2018,3425435
Louisiana,Person miles (millions),2017,81590
Louisiana,Person trips (millions),2017,10598
Louisiana,Persons traveling (thousands),2017,7658
Louisiana,Highway vehicle-miles traveled (millions),2017,49220.89766
Louisiana,Licensed drivers,2017,3425656
Louisiana,Highway vehicle-miles traveled (millions),2016,49156
Louisiana,Licensed drivers,2016,3395095
Louisiana,Highway vehicle-miles traveled (millions),2015,48180.25257
Louisiana,Licensed drivers,2015,3357091
Louisiana,Highway vehicle-miles traveled (millions),2014,48251.73611
Louisiana,Licensed drivers,2014,3312630
Louisiana,Highway vehicle-miles traveled (millions),2013,47757.96708
Louisiana,Licensed drivers,2013,3278143
Louisiana,Highway vehicle-miles traveled (millions),2012,46889.04026
Louisiana,Licensed drivers,2012,2923744
Louisiana,Highway vehicle-miles traveled (millions),2011,46512.71124
Louisiana,Licensed drivers,2011,3186227
Louisiana,Highway vehicle-miles traveled (millions),2010,45438.69082
Louisiana,Licensed drivers,2010,3133631
Maine,Highway vehicle-miles traveled (millions),2021,14559.825
Maine,Licensed drivers,2021,1056535
Maine,Highway vehicle-miles traveled (millions),2020,13086.41725
Maine,Licensed drivers,2020,1047893
Maine,Highway vehicle-miles traveled (millions),2019,14871.46816
Maine,Licensed drivers,2019,1046129
Maine,Highway vehicle-miles traveled (millions),2018,14783.55489
Maine,Licensed drivers,2018,1040582
Maine,Person miles (millions),2017,39812
Maine,Person trips (millions),2017,3694
Maine,Persons traveling (thousands),2017,3222
Maine,Highway vehicle-miles traveled (millions),2017,14738.11789
Maine,Licensed drivers,2017,1032703
Maine,Highway vehicle-miles traveled (millions),2016,14838
Maine,Licensed drivers,2016,1021332
Maine,Highway vehicle-miles traveled (millions),2015,14629.43917
Maine,Licensed drivers,2015,1019879
Maine,Highway vehicle-miles traveled (millions),2014,14301.4973
Maine,Licensed drivers,2014,1018918
Maine,Highway vehicle-miles traveled (millions),2013,14129.25004
Maine,Licensed drivers,2013,1011385
Maine,Highway vehicle-miles traveled (millions),2012,14198.8263
Maine,Licensed drivers,2012,1008190
Maine,Highway vehicle-miles traveled (millions),2011,14248.22904
Maine,Licensed drivers,2011,1014826
Maine,Highway vehicle-miles traveled (millions),2010,14549.3831
Maine,Licensed drivers,2010,1019738
Maryland,Highway vehicle-miles traveled (millions),2021,56601.20181
Maryland,Licensed drivers,2021,4439757
Maryland,Highway vehicle-miles traveled (millions),2020,50885.12383
Maryland,Licensed drivers,2020,4454266
Maryland,Highway vehicle-miles traveled (millions),2019,60215.89374
Maryland,Licensed drivers,2019,4463862
Maryland,Highway vehicle-miles traveled (millions),2018,59775.43547
Maryland,Licensed drivers,2018,4407973
Maryland,Person miles (millions),2017,173182
Maryland,Person trips (millions),2017,13652
Maryland,Persons traveling (thousands),2017,11300
Maryland,Highway vehicle-miles traveled (millions),2017,60044.56432
Maryland,Licensed drivers,2017,4329503
Maryland,Highway vehicle-miles traveled (millions),2016,59137
Maryland,Licensed drivers,2016,4264875
Maryland,Highway vehicle-miles traveled (millions),2015,57515.82372
Maryland,Licensed drivers,2015,4185752
Maryland,Highway vehicle-miles traveled (millions),2014,56431.74512
Maryland,Licensed drivers,2014,4142997
Maryland,Highway vehicle-miles traveled (millions),2013,56687.63974
Maryland,Licensed drivers,2013,4140105
Maryland,Highway vehicle-miles traveled (millions),2012,56475.58826
Maryland,Licensed drivers,2012,4102154
Maryland,Highway vehicle-miles traveled (millions),2011,56220.50652
Maryland,Licensed drivers,2011,3856604
Maryland,Highway vehicle-miles traveled (millions),2010,56125.52196
Maryland,Licensed drivers,2010,3918305
Massachusetts,Highway vehicle-miles traveled (millions),2021,59114.98426
Massachusetts,Licensed drivers,2021,4899931
Massachusetts,Highway vehicle-miles traveled (millions),2020,54126.82558
Massachusetts,Licensed drivers,2020,4940373
Massachusetts,Highway vehicle-miles traveled (millions),2019,64889.78224
Massachusetts,Licensed drivers,2019,4950056
Massachusetts,Highway vehicle-miles traveled (millions),2018,66771.98073
Massachusetts,Licensed drivers,2018,4935176
Massachusetts,Person miles (millions),2017,141132
Massachusetts,Person trips (millions),2017,16792
Massachusetts,Persons traveling (thousands),2017,12382
Massachusetts,Highway vehicle-miles traveled (millions),2017,62660.41137
Massachusetts,Licensed drivers,2017,4935176
Massachusetts,Highway vehicle-miles traveled (millions),2016,61825
Massachusetts,Licensed drivers,2016,5040662
Massachusetts,Highway vehicle-miles traveled (millions),2015,59257.48057
Massachusetts,Licensed drivers,2015,5040662
Massachusetts,Highway vehicle-miles traveled (millions),2014,57552.34578
Massachusetts,Licensed drivers,2014,4765586
Massachusetts,Highway vehicle-miles traveled (millions),2013,56311.17282
Massachusetts,Licensed drivers,2013,4765586
Massachusetts,Highway vehicle-miles traveled (millions),2012,55939.71675
Massachusetts,Licensed drivers,2012,4733936
Massachusetts,Highway vehicle-miles traveled (millions),2011,54791.71248
Massachusetts,Licensed drivers,2011,4683322.97
Massachusetts,Highway vehicle-miles traveled (millions),2010,54361.98633
Massachusetts,Licensed drivers,2010,4592500
Michigan,Highway vehicle-miles traveled (millions),2021,96744.48614
Michigan,Licensed drivers,2021,7982471
Michigan,Highway vehicle-miles traveled (millions),2020,86546.99493
Michigan,Licensed drivers,2020,7026650
Michigan,Highway vehicle-miles traveled (millions),2019,102173.7175
Michigan,Licensed drivers,2019,7141494
Michigan,Highway vehicle-miles traveled (millions),2018,102397.5575
Michigan,Licensed drivers,2018,7153645
Michigan,Person miles (millions),2017,246196
Michigan,Person trips (millions),2017,22946
Michigan,Persons traveling (thousands),2017,18520
Michigan,Highway vehicle-miles traveled (millions),2017,101757.1987
Michigan,Licensed drivers,2017,7095778
Michigan,Highway vehicle-miles traveled (millions),2016,99433
Michigan,Licensed drivers,2016,7074674
Michigan,Highway vehicle-miles traveled (millions),2015,97843.1965
Michigan,Licensed drivers,2015,7104484
Michigan,Highway vehicle-miles traveled (millions),2014,97384.02233
Michigan,Licensed drivers,2014,7046433
Michigan,Highway vehicle-miles traveled (millions),2013,95131.56498
Michigan,Licensed drivers,2013,6986587
Michigan,Highway vehicle-miles traveled (millions),2012,94547.98654
Michigan,Licensed drivers,2012,7018713
Michigan,Highway vehicle-miles traveled (millions),2011,94754.26973
Michigan,Licensed drivers,2011,7059509
Michigan,Highway vehicle-miles traveled (millions),2010,97567.36027
Michigan,Licensed drivers,2010,7083107
Minnesota,Highway vehicle-miles traveled (millions),2021,57171.10937
Minnesota,Licensed drivers,2021,4143272
Minnesota,Highway vehicle-miles traveled (millions),2020,51619.44114
Minnesota,Licensed drivers,2020,4090264
Minnesota,Highway vehicle-miles traveled (millions),2019,60730.9811
Minnesota,Licensed drivers,2019,3391057
Minnesota,Highway vehicle-miles traveled (millions),2018,60438.31409
Minnesota,Licensed drivers,2018,3391057
Minnesota,Person miles (millions),2017,225124
Minnesota,Person trips (millions),2017,14338
Minnesota,Persons traveling (thousands),2017,11630
Minnesota,Highway vehicle-miles traveled (millions),2017,59970.85392
Minnesota,Licensed drivers,2017,3394815
Minnesota,Highway vehicle-miles traveled (millions),2016,59029
Minnesota,Licensed drivers,2016,3377910
Minnesota,Highway vehicle-miles traveled (millions),2015,57394.87167
Minnesota,Licensed drivers,2015,3351430
Minnesota,Highway vehicle-miles traveled (millions),2014,57394.87165
Minnesota,Licensed drivers,2014,3357468
Minnesota,Highway vehicle-miles traveled (millions),2013,56974.04513
Minnesota,Licensed drivers,2013,3330725
Minnesota,Highway vehicle-miles traveled (millions),2012,56988.31803
Minnesota,Licensed drivers,2012,3321760
Minnesota,Highway vehicle-miles traveled (millions),2011,56684.71798
Minnesota,Licensed drivers,2011,3306139
Minnesota,Highway vehicle-miles traveled (millions),2010,56631.67446
Minnesota,Licensed drivers,2010,3281463
Mississippi,Highway vehicle-miles traveled (millions),2021,40852.82524
Mississippi,Licensed drivers,2021,2032775
Mississippi,Highway vehicle-miles traveled (millions),2020,39665.08749
Mississippi,Licensed drivers,2020,2017111
Mississippi,Highway vehicle-miles traveled (millions),2019,41090.91055
Mississippi,Licensed drivers,2019,2058036
Mississippi,Highway vehicle-miles traveled (millions),2018,40730.43949
Mississippi,Licensed drivers,2018,2058036
Mississippi,Person miles (millions),2017,76208
Mississippi,Person trips (millions),2017,6582
Mississippi,Persons traveling (thousands),2017,5640
Mississippi,Highway vehicle-miles traveled (millions),2017,40877.09802
Mississippi,Licensed drivers,2017,2053924
Mississippi,Highway vehicle-miles traveled (millions),2016,40755
Mississippi,Licensed drivers,2016,2018862
Mississippi,Highway vehicle-miles traveled (millions),2015,39890.36248
Mississippi,Licensed drivers,2015,1988396
Mississippi,Highway vehicle-miles traveled (millions),2014,39499.19021
Mississippi,Licensed drivers,2014,1977679
Mississippi,Highway vehicle-miles traveled (millions),2013,38757.69339
Mississippi,Licensed drivers,2013,1968907
Mississippi,Highway vehicle-miles traveled (millions),2012,38667.12981
Mississippi,Licensed drivers,2012,1957980
Mississippi,Highway vehicle-miles traveled (millions),2011,38850.7218
Mississippi,Licensed drivers,2011,1926603
Mississippi,Highway vehicle-miles traveled (millions),2010,39841.02978
Mississippi,Licensed drivers,2010,1928487
Missouri,Highway vehicle-miles traveled (millions),2021,79790.92724
Missouri,Licensed drivers,2021,4275228
Missouri,Highway vehicle-miles traveled (millions),2020,72797.03699
Missouri,Licensed drivers,2020,4259672
Missouri,Highway vehicle-miles traveled (millions),2019,79168.24988
Missouri,Licensed drivers,2019,4274389
Missouri,Highway vehicle-miles traveled (millions),2018,76594.99928
Missouri,Licensed drivers,2018,4272960
Missouri,Person miles (millions),2017,118102
Missouri,Person trips (millions),2017,12208
Missouri,Persons traveling (thousands),2017,9966
Missouri,Highway vehicle-miles traveled (millions),2017,75911.31624
Missouri,Licensed drivers,2017,4274784
Missouri,Highway vehicle-miles traveled (millions),2016,74019
Missouri,Licensed drivers,2016,4249579
Missouri,Highway vehicle-miles traveled (millions),2015,71917.51859
Missouri,Licensed drivers,2015,4213302
Missouri,Highway vehicle-miles traveled (millions),2014,70909.03657
Missouri,Licensed drivers,2014,4295224
Missouri,Highway vehicle-miles traveled (millions),2013,69458.42184
Missouri,Licensed drivers,2013,4280438
Missouri,Highway vehicle-miles traveled (millions),2012,68503.68445
Missouri,Licensed drivers,2012,4288488
Missouri,Highway vehicle-miles traveled (millions),2011,68789.22335
Missouri,Licensed drivers,2011,4277037
Missouri,Highway vehicle-miles traveled (millions),2010,70863.99668
Missouri,Licensed drivers,2010,4246249
Montana,Highway vehicle-miles traveled (millions),2021,13481.66866
Montana,Licensed drivers,2021,856696
Montana,Highway vehicle-miles traveled (millions),2020,12104.09134
Montana,Licensed drivers,2020,826754
Montana,Highway vehicle-miles traveled (millions),2019,12891.94753
Montana,Licensed drivers,2019,811851
Montana,Highway vehicle-miles traveled (millions),2018,12699.63599
Montana,Licensed drivers,2018,806204
Montana,Person miles (millions),2017,30914
Montana,Person trips (millions),2017,2592
Montana,Persons traveling (thousands),2017,2218
Montana,Highway vehicle-miles traveled (millions),2017,12644.67236
Montana,Licensed drivers,2017,807259
Montana,Highway vehicle-miles traveled (millions),2016,12599
Montana,Licensed drivers,2016,797145
Montana,Highway vehicle-miles traveled (millions),2015,12345.07126
Montana,Licensed drivers,2015,781427
Montana,Highway vehicle-miles traveled (millions),2014,12157.12895
Montana,Licensed drivers,2014,768703
Montana,Highway vehicle-miles traveled (millions),2013,12032.72721
Montana,Licensed drivers,2013,766716
Montana,Highway vehicle-miles traveled (millions),2012,11885.12375
Montana,Licensed drivers,2012,757812
Montana,Highway vehicle-miles traveled (millions),2011,11659.59807
Montana,Licensed drivers,2011,752483
Montana,Highway vehicle-miles traveled (millions),2010,11189.80595
Montana,Licensed drivers,2010,743611
Nebraska,Highway vehicle-miles traveled (millions),2021,21209.66629
Nebraska,Licensed drivers,2021,1438842
Nebraska,Highway vehicle-miles traveled (millions),2020,19431.86472
Nebraska,Licensed drivers,2020,1438821
Nebraska,Highway vehicle-miles traveled (millions),2019,21241.79216
Nebraska,Licensed drivers,2019,1430818
Nebraska,Highway vehicle-miles traveled (millions),2018,20974.73509
Nebraska,Licensed drivers,2018,1420317
Nebraska,Person miles (millions),2017,36694
Nebraska,Person trips (millions),2017,4422
Nebraska,Persons traveling (thousands),2017,3478
Nebraska,Highway vehicle-miles traveled (millions),2017,21002.01479
Nebraska,Licensed drivers,2017,1404479
Nebraska,Highway vehicle-miles traveled (millions),2016,20700
Nebraska,Licensed drivers,2016,1404479
Nebraska,Highway vehicle-miles traveled (millions),2015,20100.95861
Nebraska,Licensed drivers,2015,1394301
Nebraska,Highway vehicle-miles traveled (millions),2014,19612.58157
Nebraska,Licensed drivers,2014,1383693
Nebraska,Highway vehicle-miles traveled (millions),2013,19321.5614
Nebraska,Licensed drivers,2013,1374529
Nebraska,Highway vehicle-miles traveled (millions),2012,19276.55085
Nebraska,Licensed drivers,2012,1363596
Nebraska,Highway vehicle-miles traveled (millions),2011,19093.31857
Nebraska,Licensed drivers,2011,1356377
Nebraska,Highway vehicle-miles traveled (millions),2010,19437.95166
Nebraska,Licensed drivers,2010,1351516
Nevada,Highway vehicle-miles traveled (millions),2021,27076.608
Nevada,Licensed drivers,2021,2150707
Nevada,Highway vehicle-miles traveled (millions),2020,25231.34636
Nevada,Licensed drivers,2020,2056394
Nevada,Highway vehicle-miles traveled (millions),2019,28793.73743
Nevada,Licensed drivers,2019,2054421
Nevada,Highway vehicle-miles traveled (millions),2018,28319.01217
Nevada,Licensed drivers,2018,1983453
Nevada,Person miles (millions),2017,41746
Nevada,Person trips (millions),2017,5428
Nevada,Persons traveling (thousands),2017,4480
Nevada,Highway vehicle-miles traveled (millions),2017,27587.00971
Nevada,Licensed drivers,2017,1918305
Nevada,Highway vehicle-miles traveled (millions),2016,26788
Nevada,Licensed drivers,2016,1872376
Nevada,Highway vehicle-miles traveled (millions),2015,25925.4421
Nevada,Licensed drivers,2015,1835511
Nevada,Highway vehicle-miles traveled (millions),2014,25301.90126
Nevada,Licensed drivers,2014,1796443
Nevada,Highway vehicle-miles traveled (millions),2013,24649.41667
Nevada,Licensed drivers,2013,1756095
Nevada,Highway vehicle-miles traveled (millions),2012,24148.28844
Nevada,Licensed drivers,2012,1728060
Nevada,Highway vehicle-miles traveled (millions),2011,24189.31581
Nevada,Licensed drivers,2011,1700829
Nevada,Highway vehicle-miles traveled (millions),2010,22201.41949
Nevada,Licensed drivers,2010,1691318
New Hampshire,Highway vehicle-miles traveled (millions),2021,13129.80771
New Hampshire,Licensed drivers,2021,1174826
New Hampshire,Highway vehicle-miles traveled (millions),2020,11956.25576
New Hampshire,Licensed drivers,2020,1060381
New Hampshire,Highway vehicle-miles traveled (millions),2019,13828.12148
New Hampshire,Licensed drivers,2019,1195211
New Hampshire,Highway vehicle-miles traveled (millions),2018,13776.47306
New Hampshire,Licensed drivers,2018,1161665
New Hampshire,Person miles (millions),2017,35184
New Hampshire,Person trips (millions),2017,3592
New Hampshire,Persons traveling (thousands),2017,2838
New Hampshire,Highway vehicle-miles traveled (millions),2017,13681.37663
New Hampshire,Licensed drivers,2017,1103624
New Hampshire,Highway vehicle-miles traveled (millions),2016,13513
New Hampshire,Licensed drivers,2016,1096234
New Hampshire,Highway vehicle-miles traveled (millions),2015,13093.74176
New Hampshire,Licensed drivers,2015,1074766
New Hampshire,Highway vehicle-miles traveled (millions),2014,12970.40852
New Hampshire,Licensed drivers,2014,1071963
New Hampshire,Highway vehicle-miles traveled (millions),2013,12902.81476
New Hampshire,Licensed drivers,2013,1061433
New Hampshire,Highway vehicle-miles traveled (millions),2012,12893.65174
New Hampshire,Licensed drivers,2012,1064604
New Hampshire,Highway vehicle-miles traveled (millions),2011,12719.52976
New Hampshire,Licensed drivers,2011,1056889
New Hampshire,Highway vehicle-miles traveled (millions),2010,13065.22025
New Hampshire,Licensed drivers,2010,1037083
New Jersey,Highway vehicle-miles traveled (millions),2021,73672.75741
New Jersey,Licensed drivers,2021,6461950
New Jersey,Highway vehicle-miles traveled (millions),2020,66341.14996
New Jersey,Licensed drivers,2020,6230912
New Jersey,Highway vehicle-miles traveled (millions),2019,78205.2972
New Jersey,Licensed drivers,2019,6377413
New Jersey,Highway vehicle-miles traveled (millions),2018,77538.91117
New Jersey,Licensed drivers,2018,6342876
New Jersey,Person miles (millions),2017,276452
New Jersey,Person trips (millions),2017,22578
New Jersey,Persons traveling (thousands),2017,17908
New Jersey,Highway vehicle-miles traveled (millions),2017,77508.60231
New Jersey,Licensed drivers,2017,6301363
New Jersey,Highway vehicle-miles traveled (millions),2016,77093
New Jersey,Licensed drivers,2016,6238436
New Jersey,Highway vehicle-miles traveled (millions),2015,75393.41931
New Jersey,Licensed drivers,2015,6179318
New Jersey,Highway vehicle-miles traveled (millions),2014,74856.38516
New Jersey,Licensed drivers,2014,6152634
New Jersey,Highway vehicle-miles traveled (millions),2013,74529.79194
New Jersey,Licensed drivers,2013,6081386
New Jersey,Highway vehicle-miles traveled (millions),2012,74225.3757
New Jersey,Licensed drivers,2012,6039623
New Jersey,Highway vehicle-miles traveled (millions),2011,73093.7711
New Jersey,Licensed drivers,2011,5977458
New Jersey,Highway vehicle-miles traveled (millions),2010,73027.65919
New Jersey,Licensed drivers,2010,5952583
New Mexico,Highway vehicle-miles traveled (millions),2021,26823.40324
New Mexico,Licensed drivers,2021,1477213
New Mexico,Highway vehicle-miles traveled (millions),2020,23756.4356
New Mexico,Licensed drivers,2020,1473219
New Mexico,Highway vehicle-miles traveled (millions),2019,27772.07505
New Mexico,Licensed drivers,2019,1449711
New Mexico,Highway vehicle-miles traveled (millions),2018,27288.30697
New Mexico,Licensed drivers,2018,1458433
New Mexico,Person miles (millions),2017,47032
New Mexico,Person trips (millions),2017,5330
New Mexico,Persons traveling (thousands),2017,3674
New Mexico,Highway vehicle-miles traveled (millions),2017,29680.1674
New Mexico,Licensed drivers,2017,1473262
New Mexico,Highway vehicle-miles traveled (millions),2016,27886
New Mexico,Licensed drivers,2016,1521785
New Mexico,Highway vehicle-miles traveled (millions),2015,27435.41838
New Mexico,Licensed drivers,2015,1467782
New Mexico,Highway vehicle-miles traveled (millions),2014,25347.19786
New Mexico,Licensed drivers,2014,1444857
New Mexico,Highway vehicle-miles traveled (millions),2013,25086.11077
New Mexico,Licensed drivers,2013,1456500
New Mexico,Highway vehicle-miles traveled (millions),2012,25561.64959
New Mexico,Licensed drivers,2012,1430475
New Mexico,Highway vehicle-miles traveled (millions),2011,25650.16525
New Mexico,Licensed drivers,2011,1418641
New Mexico,Highway vehicle-miles traveled (millions),2010,25273.67897
New Mexico,Licensed drivers,2010,1405926
New York,Highway vehicle-miles traveled (millions),2021,106869.759
New York,Licensed drivers,2021,11879057
New York,Highway vehicle-miles traveled (millions),2020,102476.8745
New York,Licensed drivers,2020,12194360
New York,Highway vehicle-miles traveled (millions),2019,123986.1543
New York,Licensed drivers,2019,12194360
New York,Highway vehicle-miles traveled (millions),2018,123510.3986
New York,Licensed drivers,2018,12194360
New York,Person miles (millions),2017,416126
New York,Person trips (millions),2017,44898
New York,Persons traveling (thousands),2017,37366
New York,Highway vehicle-miles traveled (millions),2017,123731.84
New York,Licensed drivers,2017,12185313
New York,Highway vehicle-miles traveled (millions),2016,122930
New York,Licensed drivers,2016,11947568
New York,Highway vehicle-miles traveled (millions),2015,127230.2144
New York,Licensed drivers,2015,11689839
New York,Highway vehicle-miles traveled (millions),2014,129263.0117
New York,Licensed drivers,2014,11318198
New York,Highway vehicle-miles traveled (millions),2013,129736.7468
New York,Licensed drivers,2013,11210783
New York,Highway vehicle-miles traveled (millions),2012,128220.5631
New York,Licensed drivers,2012,11248617
New York,Highway vehicle-miles traveled (millions),2011,127725.6673
New York,Licensed drivers,2011,11210783
New York,Highway vehicle-miles traveled (millions),2010,131252.0615
New York,Licensed drivers,2010,11285830
North Carolina,Highway vehicle-miles traveled (millions),2021,117734.4339
North Carolina,Licensed drivers,2021,7765109
North Carolina,Highway vehicle-miles traveled (millions),2020,106342.3654
North Carolina,Licensed drivers,2020,7637400
North Carolina,Highway vehicle-miles traveled (millions),2019,122474.654
North Carolina,Licensed drivers,2019,7620001
North Carolina,Highway vehicle-miles traveled (millions),2018,121127.2486
North Carolina,Licensed drivers,2018,7509231
North Carolina,Person miles (millions),2017,251358
North Carolina,Person trips (millions),2017,23152
North Carolina,Persons traveling (thousands),2017,18898
North Carolina,Highway vehicle-miles traveled (millions),2017,119176.3686
North Carolina,Licensed drivers,2017,7389467
North Carolina,Highway vehicle-miles traveled (millions),2016,116749
North Carolina,Licensed drivers,2016,7267042
North Carolina,Highway vehicle-miles traveled (millions),2015,111878.5688
North Carolina,Licensed drivers,2015,7160621
North Carolina,Highway vehicle-miles traveled (millions),2014,108012.1312
North Carolina,Licensed drivers,2014,7025333
North Carolina,Highway vehicle-miles traveled (millions),2013,105212.5578
North Carolina,Licensed drivers,2013,6822902
North Carolina,Highway vehicle-miles traveled (millions),2012,104949.9412
North Carolina,Licensed drivers,2012,6677693
North Carolina,Highway vehicle-miles traveled (millions),2011,103772.3593
North Carolina,Licensed drivers,2011,6569341
North Carolina,Highway vehicle-miles traveled (millions),2010,102384.9676
North Carolina,Licensed drivers,2010,6536601
North Dakota,Highway vehicle-miles traveled (millions),2021,9255.66642
North Dakota,Licensed drivers,2021,549721
North Dakota,Highway vehicle-miles traveled (millions),2020,8767.60078
North Dakota,Licensed drivers,2020,539006
North Dakota,Highway vehicle-miles traveled (millions),2019,9826.068271
North Dakota,Licensed drivers,2019,556064
North Dakota,Highway vehicle-miles traveled (millions),2018,9855.663669
North Dakota,Licensed drivers,2018,561333
North Dakota,Person miles (millions),2017,16842
North Dakota,Person trips (millions),2017,1684
North Dakota,Persons traveling (thousands),2017,1418
North Dakota,Highway vehicle-miles traveled (millions),2017,9716.836374
North Dakota,Licensed drivers,2017,561667
North Dakota,Highway vehicle-miles traveled (millions),2016,9739
North Dakota,Licensed drivers,2016,555935
North Dakota,Highway vehicle-miles traveled (millions),2015,10036.21684
North Dakota,Licensed drivers,2015,545027
North Dakota,Highway vehicle-miles traveled (millions),2014,10511.26907
North Dakota,Licensed drivers,2014,527541
North Dakota,Highway vehicle-miles traveled (millions),2013,10099.64871
North Dakota,Licensed drivers,2013,513838
North Dakota,Highway vehicle-miles traveled (millions),2012,10081.49157
North Dakota,Licensed drivers,2012,502807
North Dakota,Highway vehicle-miles traveled (millions),2011,9130.650273
North Dakota,Licensed drivers,2011,490146
North Dakota,Highway vehicle-miles traveled (millions),2010,8262.258786
North Dakota,Licensed drivers,2010,483097
Ohio,Highway vehicle-miles traveled (millions),2021,112923.0161
Ohio,Licensed drivers,2021,8283546
Ohio,Highway vehicle-miles traveled (millions),2020,103114.9361
Ohio,Licensed drivers,2020,8100273
Ohio,Highway vehicle-miles traveled (millions),2019,114693.5886
Ohio,Licensed drivers,2019,8032792
Ohio,Highway vehicle-miles traveled (millions),2018,114474.4406
Ohio,Licensed drivers,2018,8032665
Ohio,Person miles (millions),2017,242210
Ohio,Person trips (millions),2017,28284
Ohio,Persons traveling (thousands),2017,22748
Ohio,Highway vehicle-miles traveled (millions),2017,119597.9667
Ohio,Licensed drivers,2017,8011705
Ohio,Highway vehicle-miles traveled (millions),2016,118608
Ohio,Licensed drivers,2016,7974951
Ohio,Highway vehicle-miles traveled (millions),2015,113672.5052
Ohio,Licensed drivers,2015,7923439
Ohio,Highway vehicle-miles traveled (millions),2014,112766.2818
Ohio,Licensed drivers,2014,7915907
Ohio,Highway vehicle-miles traveled (millions),2013,112766.7288
Ohio,Licensed drivers,2013,8030421
Ohio,Highway vehicle-miles traveled (millions),2012,112715.1131
Ohio,Licensed drivers,2012,8006183
Ohio,Highway vehicle-miles traveled (millions),2011,111989.9482
Ohio,Licensed drivers,2011,7982149
Ohio,Highway vehicle-miles traveled (millions),2010,111835.7316
Ohio,Licensed drivers,2010,7963372
Oklahoma,Highway vehicle-miles traveled (millions),2021,44759.7607
Oklahoma,Licensed drivers,2021,2597441
Oklahoma,Highway vehicle-miles traveled (millions),2020,42000.17854
Oklahoma,Licensed drivers,2020,2550560
Oklahoma,Highway vehicle-miles traveled (millions),2019,44648.23661
Oklahoma,Licensed drivers,2019,2522670
Oklahoma,Highway vehicle-miles traveled (millions),2018,45433.01282
Oklahoma,Licensed drivers,2018,2504253
Oklahoma,Person miles (millions),2017,124836
Oklahoma,Person trips (millions),2017,9398
Oklahoma,Persons traveling (thousands),2017,7604
Oklahoma,Highway vehicle-miles traveled (millions),2017,49402.2604
Oklahoma,Licensed drivers,2017,2505989
Oklahoma,Highway vehicle-miles traveled (millions),2016,49013
Oklahoma,Licensed drivers,2016,2498178
Oklahoma,Highway vehicle-miles traveled (millions),2015,47713.00021
Oklahoma,Licensed drivers,2015,2621733
Oklahoma,Highway vehicle-miles traveled (millions),2014,47698.78222
Oklahoma,Licensed drivers,2014,2451972
Oklahoma,Highway vehicle-miles traveled (millions),2013,47998.60776
Oklahoma,Licensed drivers,2013,2418307
Oklahoma,Highway vehicle-miles traveled (millions),2012,47871.81167
Oklahoma,Licensed drivers,2012,2400358
Oklahoma,Highway vehicle-miles traveled (millions),2011,47463.57742
Oklahoma,Licensed drivers,2011,2370643
Oklahoma,Highway vehicle-miles traveled (millions),2010,47745.91733
Oklahoma,Licensed drivers,2010,2348718
Oregon,Highway vehicle-miles traveled (millions),2021,36841.97559
Oregon,Licensed drivers,2021,3029912
Oregon,Highway vehicle-miles traveled (millions),2020,32297.97845
Oregon,Licensed drivers,2020,2944828
Oregon,Highway vehicle-miles traveled (millions),2019,35808.46532
Oregon,Licensed drivers,2019,2930701
Oregon,Highway vehicle-miles traveled (millions),2018,36848.41693
Oregon,Licensed drivers,2018,2930702
Oregon,Person miles (millions),2017,90518
Oregon,Person trips (millions),2017,10542
Oregon,Persons traveling (thousands),2017,8080
Oregon,Highway vehicle-miles traveled (millions),2017,36752.88329
Oregon,Licensed drivers,2017,2910592
Oregon,Highway vehicle-miles traveled (millions),2016,36719
Oregon,Licensed drivers,2016,2855746
Oregon,Highway vehicle-miles traveled (millions),2015,35998.50454
Oregon,Licensed drivers,2015,2808548
Oregon,Highway vehicle-miles traveled (millions),2014,34610.07129
Oregon,Licensed drivers,2014,2785446
Oregon,Highway vehicle-miles traveled (millions),2013,33705.84607
Oregon,Licensed drivers,2013,2773373
Oregon,Highway vehicle-miles traveled (millions),2012,33172.93743
Oregon,Licensed drivers,2012,2769757
Oregon,Highway vehicle-miles traveled (millions),2011,33373.39764
Oregon,Licensed drivers,2011,2773956
Oregon,Highway vehicle-miles traveled (millions),2010,33774.10556
Oregon,Licensed drivers,2010,2769734
Pennsylvania,Highway vehicle-miles traveled (millions),2021,102686.0406
Pennsylvania,Licensed drivers,2021,9098570
Pennsylvania,Highway vehicle-miles traveled (millions),2020,87982.49094
Pennsylvania,Licensed drivers,2020,8930677
Pennsylvania,Highway vehicle-miles traveled (millions),2019,102863.5098
Pennsylvania,Licensed drivers,2019,8987676
Pennsylvania,Highway vehicle-miles traveled (millions),2018,102109.4468
Pennsylvania,Licensed drivers,2018,8991370
Pennsylvania,Person miles (millions),2017,276426
Pennsylvania,Person trips (millions),2017,27622
Pennsylvania,Persons traveling (thousands),2017,23164
Pennsylvania,Highway vehicle-miles traveled (millions),2017,101614.0539
Pennsylvania,Licensed drivers,2017,8964855
Pennsylvania,Highway vehicle-miles traveled (millions),2016,101362
Pennsylvania,Licensed drivers,2016,8996815
Pennsylvania,Highway vehicle-miles traveled (millions),2015,100945.0602
Pennsylvania,Licensed drivers,2015,8942967
Pennsylvania,Highway vehicle-miles traveled (millions),2014,99881.53756
Pennsylvania,Licensed drivers,2014,8915641
Pennsylvania,Highway vehicle-miles traveled (millions),2013,98627.97611
Pennsylvania,Licensed drivers,2013,8896590
Pennsylvania,Highway vehicle-miles traveled (millions),2012,98884.38578
Pennsylvania,Licensed drivers,2012,8842587
Pennsylvania,Highway vehicle-miles traveled (millions),2011,99204.17877
Pennsylvania,Licensed drivers,2011,8796774
Pennsylvania,Highway vehicle-miles traveled (millions),2010,100328.7123
Pennsylvania,Licensed drivers,2010,8737162
Puerto Rico,Highway vehicle-miles traveled (millions),2021,13869.22283
Puerto Rico,Highway vehicle-miles traveled (millions),2020,13761.61111
Puerto Rico,Highway vehicle-miles traveled (millions),2019,14710.02161
Puerto Rico,Highway vehicle-miles traveled (millions),2018,15020.11585
Puerto Rico,Highway vehicle-miles traveled (millions),2017,15010.47781
Puerto Rico,Highway vehicle-miles traveled (millions),2016,14564
Puerto Rico,Highway vehicle-miles traveled (millions),2015,14564.42564
Puerto Rico,Highway vehicle-miles traveled (millions),2014,14564.42565
Puerto Rico,Highway vehicle-miles traveled (millions),2013,18588.355
Puerto Rico,Highway vehicle-miles traveled (millions),2012,18588.355
Puerto Rico,Highway vehicle-miles traveled (millions),2011,18588.355
Puerto Rico,Highway vehicle-miles traveled (millions),2010,18588.355
Rhode Island,Highway vehicle-miles traveled (millions),2021,7526.31208
Rhode Island,Licensed drivers,2021,754507
Rhode Island,Highway vehicle-miles traveled (millions),2020,6864.09328
Rhode Island,Licensed drivers,2020,731715
Rhode Island,Highway vehicle-miles traveled (millions),2019,7580.832258
Rhode Island,Licensed drivers,2019,761046
Rhode Island,Highway vehicle-miles traveled (millions),2018,8008.582207
Rhode Island,Licensed drivers,2018,756966
Rhode Island,Person miles (millions),2017,20070
Rhode Island,Person trips (millions),2017,2596
Rhode Island,Persons traveling (thousands),2017,2090
Rhode Island,Highway vehicle-miles traveled (millions),2017,8000.980444
Rhode Island,Licensed drivers,2017,753202
Rhode Island,Highway vehicle-miles traveled (millions),2016,7927
Rhode Island,Licensed drivers,2016,753143
Rhode Island,Highway vehicle-miles traveled (millions),2015,7832.561416
Rhode Island,Licensed drivers,2015,745470
Rhode Island,Highway vehicle-miles traveled (millions),2014,7676.978023
Rhode Island,Licensed drivers,2014,748337
Rhode Island,Highway vehicle-miles traveled (millions),2013,7775.124822
Rhode Island,Licensed drivers,2013,749232
Rhode Island,Highway vehicle-miles traveled (millions),2012,7806.872883
Rhode Island,Licensed drivers,2012,749706
Rhode Island,Highway vehicle-miles traveled (millions),2011,7901.42839
Rhode Island,Licensed drivers,2011,749706
Rhode Island,Highway vehicle-miles traveled (millions),2010,8280.220439
Rhode Island,Licensed drivers,2010,747875
South Carolina,Highway vehicle-miles traveled (millions),2021,57491.95488
South Carolina,Licensed drivers,2021,3990909
South Carolina,Highway vehicle-miles traveled (millions),2020,53972.05201
South Carolina,Licensed drivers,2020,3905911
South Carolina,Highway vehicle-miles traveled (millions),2019,57939.39738
South Carolina,Licensed drivers,2019,3877968
South Carolina,Highway vehicle-miles traveled (millions),2018,56800.68275
South Carolina,Licensed drivers,2018,3846069
South Carolina,Person miles (millions),2017,129696
South Carolina,Person trips (millions),2017,11230
South Carolina,Persons traveling (thousands),2017,9220
South Carolina,Highway vehicle-miles traveled (millions),2017,55497.23573
South Carolina,Licensed drivers,2017,3810962
South Carolina,Highway vehicle-miles traveled (millions),2016,54553
South Carolina,Licensed drivers,2016,3746681
South Carolina,Highway vehicle-miles traveled (millions),2015,51726.04848
South Carolina,Licensed drivers,2015,3683824
South Carolina,Highway vehicle-miles traveled (millions),2014,49931.2691
South Carolina,Licensed drivers,2014,3617535
South Carolina,Highway vehicle-miles traveled (millions),2013,48986.25958
South Carolina,Licensed drivers,2013,3536404
South Carolina,Highway vehicle-miles traveled (millions),2012,49036.19029
South Carolina,Licensed drivers,2012,3455931
South Carolina,Highway vehicle-miles traveled (millions),2011,48730.17947
South Carolina,Licensed drivers,2011,3408318
South Carolina,Highway vehicle-miles traveled (millions),2010,49124.3352
South Carolina,Licensed drivers,2010,3337247
South Dakota,Highway vehicle-miles traveled (millions),2021,9993.91073
South Dakota,Licensed drivers,2021,671149
South Dakota,Highway vehicle-miles traveled (millions),2020,9742.50787
South Dakota,Licensed drivers,2020,658091
South Dakota,Highway vehicle-miles traveled (millions),2019,9922.399544
South Dakota,Licensed drivers,2019,638428
South Dakota,Highway vehicle-miles traveled (millions),2018,9719.406133
South Dakota,Licensed drivers,2018,638428
South Dakota,Person miles (millions),2017,25962
South Dakota,Person trips (millions),2017,1924
South Dakota,Persons traveling (thousands),2017,1530
South Dakota,Highway vehicle-miles traveled (millions),2017,9642.559371
South Dakota,Licensed drivers,2017,628506
South Dakota,Highway vehicle-miles traveled (millions),2016,9507
South Dakota,Licensed drivers,2016,622663
South Dakota,Highway vehicle-miles traveled (millions),2015,9324.353332
South Dakota,Licensed drivers,2015,655707
South Dakota,Highway vehicle-miles traveled (millions),2014,9225.040605
South Dakota,Licensed drivers,2014,609908
South Dakota,Highway vehicle-miles traveled (millions),2013,9121.797359
South Dakota,Licensed drivers,2013,603643
South Dakota,Highway vehicle-miles traveled (millions),2012,9113.47146
South Dakota,Licensed drivers,2012,606779
South Dakota,Highway vehicle-miles traveled (millions),2011,9002.048071
South Dakota,Licensed drivers,2011,603258
South Dakota,Highway vehicle-miles traveled (millions),2010,8865.980485
South Dakota,Licensed drivers,2010,602275
Tennessee,Highway vehicle-miles traveled (millions),2021,82595.59251
Tennessee,Licensed drivers,2021,5009697
Tennessee,Highway vehicle-miles traveled (millions),2020,76392.47494
Tennessee,Licensed drivers,2020,4877268
Tennessee,Highway vehicle-miles traveled (millions),2019,82891.77086
Tennessee,Licensed drivers,2019,5422429
Tennessee,Highway vehicle-miles traveled (millions),2018,81321.49097
Tennessee,Licensed drivers,2018,5422429
Tennessee,Person miles (millions),2017,189000
Tennessee,Person trips (millions),2017,14848
Tennessee,Persons traveling (thousands),2017,12102
Tennessee,Highway vehicle-miles traveled (millions),2017,82253.26397
Tennessee,Licensed drivers,2017,5377653
Tennessee,Highway vehicle-miles traveled (millions),2016,76884
Tennessee,Licensed drivers,2016,5197904
Tennessee,Highway vehicle-miles traveled (millions),2015,76670.31841
Tennessee,Licensed drivers,2015,4621401
Tennessee,Highway vehicle-miles traveled (millions),2014,72335.75425
Tennessee,Licensed drivers,2014,4613166
Tennessee,Highway vehicle-miles traveled (millions),2013,71067.04361
Tennessee,Licensed drivers,2013,4605100
Tennessee,Highway vehicle-miles traveled (millions),2012,71166.87119
Tennessee,Licensed drivers,2012,4573871
Tennessee,Highway vehicle-miles traveled (millions),2011,70751.10387
Tennessee,Licensed drivers,2011,4543759
Tennessee,Highway vehicle-miles traveled (millions),2010,70438.82433
Tennessee,Licensed drivers,2010,4418210
Texas,Highway vehicle-miles traveled (millions),2021,285027.6613
Texas,Licensed drivers,2021,18297900
Texas,Highway vehicle-miles traveled (millions),2020,260581.9555
Texas,Licensed drivers,2020,17667039
Texas,Highway vehicle-miles traveled (millions),2019,288227.2355
Texas,Licensed drivers,2019,17822760
Texas,Highway vehicle-miles traveled (millions),2018,282037.2651
Texas,Licensed drivers,2018,17370383
Texas,Person miles (millions),2017,708182
Texas,Person trips (millions),2017,60820
Texas,Persons traveling (thousands),2017,50936
Texas,Highway vehicle-miles traveled (millions),2017,272980.907
Texas,Licensed drivers,2017,17099340
Texas,Highway vehicle-miles traveled (millions),2016,271263
Texas,Licensed drivers,2016,15879876
Texas,Highway vehicle-miles traveled (millions),2015,258122.3092
Texas,Licensed drivers,2015,15879876
Texas,Highway vehicle-miles traveled (millions),2014,243075.8458
Texas,Licensed drivers,2014,15648733
Texas,Highway vehicle-miles traveled (millions),2013,244524.8829
Texas,Licensed drivers,2013,15447273
Texas,Highway vehicle-miles traveled (millions),2012,237835.8227
Texas,Licensed drivers,2012,15252192
Texas,Highway vehicle-miles traveled (millions),2011,237439.8911
Texas,Licensed drivers,2011,15122518
Texas,Highway vehicle-miles traveled (millions),2010,234015.906
Texas,Licensed drivers,2010,15157650
Utah,Highway vehicle-miles traveled (millions),2021,33637.94703
Utah,Licensed drivers,2021,2207208
Utah,Highway vehicle-miles traveled (millions),2020,30251.18348
Utah,Licensed drivers,2020,2149766
Utah,Highway vehicle-miles traveled (millions),2019,32910.67512
Utah,Licensed drivers,2019,2121099
Utah,Highway vehicle-miles traveled (millions),2018,32069.28791
Utah,Licensed drivers,2018,2030644
Utah,Person miles (millions),2017,72238
Utah,Person trips (millions),2017,9116
Utah,Persons traveling (thousands),2017,6562
Utah,Highway vehicle-miles traveled (millions),2017,31475.02571
Utah,Licensed drivers,2017,1995377
Utah,Highway vehicle-miles traveled (millions),2016,31449
Utah,Licensed drivers,2016,1960366
Utah,Highway vehicle-miles traveled (millions),2015,29603.66349
Utah,Licensed drivers,2015,1913564
Utah,Highway vehicle-miles traveled (millions),2014,27554.41929
Utah,Licensed drivers,2014,1425703
Utah,Highway vehicle-miles traveled (millions),2013,27005.47607
Utah,Licensed drivers,2013,1661219
Utah,Highway vehicle-miles traveled (millions),2012,26527.83436
Utah,Licensed drivers,2012,1788822
Utah,Highway vehicle-miles traveled (millions),2011,26221.62634
Utah,Licensed drivers,2011,1747487
Utah,Highway vehicle-miles traveled (millions),2010,26585.22215
Utah,Licensed drivers,2010,1659835.25
Vermont,Highway vehicle-miles traveled (millions),2021,6625.05499
Vermont,Licensed drivers,2021,469624
Vermont,Highway vehicle-miles traveled (millions),2020,6006.9751
Vermont,Licensed drivers,2020,460871
Vermont,Highway vehicle-miles traveled (millions),2019,7345.626922
Vermont,Licensed drivers,2019,564894
Vermont,Highway vehicle-miles traveled (millions),2018,7346.350178
Vermont,Licensed drivers,2018,564892
Vermont,Person miles (millions),2017,16460
Vermont,Person trips (millions),2017,1840
Vermont,Persons traveling (thousands),2017,1480
Vermont,Highway vehicle-miles traveled (millions),2017,7424.419886
Vermont,Licensed drivers,2017,560247
Vermont,Highway vehicle-miles traveled (millions),2016,7382
Vermont,Licensed drivers,2016,553670
Vermont,Highway vehicle-miles traveled (millions),2015,7313.841852
Vermont,Licensed drivers,2015,548799
Vermont,Highway vehicle-miles traveled (millions),2014,7059.200784
Vermont,Licensed drivers,2014,545312
Vermont,Highway vehicle-miles traveled (millions),2013,7115.877038
Vermont,Licensed drivers,2013,543057
Vermont,Highway vehicle-miles traveled (millions),2012,7215.657792
Vermont,Licensed drivers,2012,529501
Vermont,Highway vehicle-miles traveled (millions),2011,7141.03908
Vermont,Licensed drivers,2011,521666
Vermont,Highway vehicle-miles traveled (millions),2010,7247.55584
Vermont,Licensed drivers,2010,513481
Virginia,Highway vehicle-miles traveled (millions),2021,80102.4661
Virginia,Licensed drivers,2021,5912644
Virginia,Highway vehicle-miles traveled (millions),2020,76110.26923
Virginia,Licensed drivers,2020,5909716
Virginia,Highway vehicle-miles traveled (millions),2019,85432.48415
Virginia,Licensed drivers,2019,5888196
Virginia,Highway vehicle-miles traveled (millions),2018,85336.10206
Virginia,Licensed drivers,2018,5929031
Virginia,Person miles (millions),2017,249234
Virginia,Person trips (millions),2017,20766
Virginia,Persons traveling (thousands),2017,16688
Virginia,Highway vehicle-miles traveled (millions),2017,85262.94495
Virginia,Licensed drivers,2017,5926430
Virginia,Highway vehicle-miles traveled (millions),2016,84463
Virginia,Licensed drivers,2016,5912048
Virginia,Highway vehicle-miles traveled (millions),2015,82624.52764
Virginia,Licensed drivers,2015,5820209
Virginia,Highway vehicle-miles traveled (millions),2014,80984.63614
Virginia,Licensed drivers,2014,5769063
Virginia,Highway vehicle-miles traveled (millions),2013,80767.0057
Virginia,Licensed drivers,2013,5602765
Virginia,Highway vehicle-miles traveled (millions),2012,80958.66779
Virginia,Licensed drivers,2012,5538480
Virginia,Highway vehicle-miles traveled (millions),2011,80973.99206
Virginia,Licensed drivers,2011,5467045
Virginia,Highway vehicle-miles traveled (millions),2010,82170.61428
Virginia,Licensed drivers,2010,5402347
Washington,Highway vehicle-miles traveled (millions),2021,57796.59611
Washington,Licensed drivers,2021,5868509
Washington,Highway vehicle-miles traveled (millions),2020,53658.2413
Washington,Licensed drivers,2020,5812500
Washington,Highway vehicle-miles traveled (millions),2019,62529.63832
Washington,Licensed drivers,2019,5711136
Washington,Highway vehicle-miles traveled (millions),2018,62366.65613
Washington,Licensed drivers,2018,5909967
Washington,Person miles (millions),2017,190326
Washington,Person trips (millions),2017,15762
Washington,Persons traveling (thousands),2017,12894
Washington,Highway vehicle-miles traveled (millions),2017,61419.92486
Washington,Licensed drivers,2017,5768281
Washington,Highway vehicle-miles traveled (millions),2016,61018
Washington,Licensed drivers,2016,5635715
Washington,Highway vehicle-miles traveled (millions),2015,59652.50424
Washington,Licensed drivers,2015,5516134
Washington,Highway vehicle-miles traveled (millions),2014,58059.8
Washington,Licensed drivers,2014,5401139
Washington,Highway vehicle-miles traveled (millions),2013,57211.21142
Washington,Licensed drivers,2013,5301630
Washington,Highway vehicle-miles traveled (millions),2012,56762.00621
Washington,Licensed drivers,2012,5227889
Washington,Highway vehicle-miles traveled (millions),2011,56954.57284
Washington,Licensed drivers,2011,5178789
Washington,Highway vehicle-miles traveled (millions),2010,57190.44282
Washington,Licensed drivers,2010,5106367
West Virginia,Highway vehicle-miles traveled (millions),2021,16079.27494
West Virginia,Licensed drivers,2021,1138290
West Virginia,Highway vehicle-miles traveled (millions),2020,16054.14025
West Virginia,Licensed drivers,2020,1101775.405
West Virginia,Highway vehicle-miles traveled (millions),2019,19076.55966
West Virginia,Licensed drivers,2019,1130389.173
West Virginia,Highway vehicle-miles traveled (millions),2018,19447.32321
West Virginia,Licensed drivers,2018,1136775
West Virginia,Person miles (millions),2017,36212
West Virginia,Person trips (millions),2017,4610
West Virginia,Persons traveling (thousands),2017,3934
West Virginia,Highway vehicle-miles traveled (millions),2017,19072.33545
West Virginia,Licensed drivers,2017,1148786
West Virginia,Highway vehicle-miles traveled (millions),2016,19539
West Virginia,Licensed drivers,2016,1159348
West Virginia,Highway vehicle-miles traveled (millions),2015,19826.64297
West Virginia,Licensed drivers,2015,1167346.264
West Virginia,Highway vehicle-miles traveled (millions),2014,19117.49047
West Virginia,Licensed drivers,2014,1171906.746
West Virginia,Highway vehicle-miles traveled (millions),2013,19232.34743
West Virginia,Licensed drivers,2013,1177136
West Virginia,Highway vehicle-miles traveled (millions),2012,19225.78561
West Virginia,Licensed drivers,2012,1241586
West Virginia,Highway vehicle-miles traveled (millions),2011,18963.12603
West Virginia,Licensed drivers,2011,1198837.194
West Virginia,Highway vehicle-miles traveled (millions),2010,19203.03357
West Virginia,Licensed drivers,2010,1206026
Wisconsin,Highway vehicle-miles traveled (millions),2021,64983.27947
Wisconsin,Licensed drivers,2021,4340851
Wisconsin,Highway vehicle-miles traveled (millions),2020,57599.94105
Wisconsin,Licensed drivers,2020,4315892
Wisconsin,Highway vehicle-miles traveled (millions),2019,66347.62385
Wisconsin,Licensed drivers,2019,4296646
Wisconsin,Highway vehicle-miles traveled (millions),2018,65885.43495
Wisconsin,Licensed drivers,2018,4288171
Wisconsin,Person miles (millions),2017,147074
Wisconsin,Person trips (millions),2017,13634
Wisconsin,Persons traveling (thousands),2017,10850
Wisconsin,Highway vehicle-miles traveled (millions),2017,65323.70927
Wisconsin,Licensed drivers,2017,4234793
Wisconsin,Highway vehicle-miles traveled (millions),2016,64046
Wisconsin,Licensed drivers,2016,4206770
Wisconsin,Highway vehicle-miles traveled (millions),2015,62073.36822
Wisconsin,Licensed drivers,2015,4194759
Wisconsin,Highway vehicle-miles traveled (millions),2014,60053.38039
Wisconsin,Licensed drivers,2014,4188194
Wisconsin,Highway vehicle-miles traveled (millions),2013,59486.15042
Wisconsin,Licensed drivers,2013,4171427
Wisconsin,Highway vehicle-miles traveled (millions),2012,59087.29989
Wisconsin,Licensed drivers,2012,4056649
Wisconsin,Highway vehicle-miles traveled (millions),2011,58553.70387
Wisconsin,Licensed drivers,2011,4147470
Wisconsin,Highway vehicle-miles traveled (millions),2010,59420.26643
Wisconsin,Licensed drivers,2010,4133377
Wyoming,Highway vehicle-miles traveled (millions),2021,11096.52015
Wyoming,Licensed drivers,2021,430472
Wyoming,Highway vehicle-miles traveled (millions),2020,9800.31981
Wyoming,Licensed drivers,2020,427233
Wyoming,Highway vehicle-miles traveled (millions),2019,10207.60565
Wyoming,Licensed drivers,2019,424115
Wyoming,Highway vehicle-miles traveled (millions),2018,10438.44261
Wyoming,Licensed drivers,2018,419256
Wyoming,Person miles (millions),2017,16290
Wyoming,Person trips (millions),2017,1522
Wyoming,Persons traveling (thousands),2017,1106
Wyoming,Highway vehicle-miles traveled (millions),2017,9784.665268
Wyoming,Licensed drivers,2017,422465
Wyoming,Highway vehicle-miles traveled (millions),2016,9323
Wyoming,Licensed drivers,2016,421098
Wyoming,Highway vehicle-miles traveled (millions),2015,9597.036265
Wyoming,Licensed drivers,2015,422450
Wyoming,Highway vehicle-miles traveled (millions),2014,9457.283095
Wyoming,Licensed drivers,2014,423987
Wyoming,Highway vehicle-miles traveled (millions),2013,9308.940396
Wyoming,Licensed drivers,2013,421473
Wyoming,Highway vehicle-miles traveled (millions),2012,9270.993558
Wyoming,Licensed drivers,2012,421580
Wyoming,Highway vehicle-miles traveled (millions),2011,9244.90554
Wyoming,Licensed drivers,2011,421928
Wyoming,Highway vehicle-miles traveled (millions),2010,9362.789824
Wyoming,Licensed drivers,2010,419466
